Instance,Algorithm,Config,ObjVal,ObjBound,MIPGap,RuntimeGurobi,Status,RuntimeTotal
r_15_30_30_30_1.txt,base,No VI,323.2123723720072,321.39250042099445,0.005630576384366118,16.9511399269104,2,16.974709033966064
r_15_30_30_30_1.txt,base,VI1,323.2123723720072,322.4949281012557,0.0022197302209884416,8.06340217590332,2,8.08462905883789
r_15_30_30_30_1.txt,base,VI2,323.2123723720072,321.39250042099445,0.005630576384366118,18.535712957382202,2,18.558233976364136
r_15_30_30_30_1.txt,base,VI3,323.21237237200717,322.5885633287107,0.0019300283547886749,6.547078847885132,2,6.569590091705322
r_15_30_30_30_1.txt,base,VI4,323.21237237200717,323.21237237200717,0.0,6.189017057418823,2,6.210932970046997
r_15_30_30_30_1.txt,base,VI1+VI4,323.21237237200717,323.21237237200717,0.0,4.3663859367370605,2,4.3904149532318115
r_15_30_30_30_1.txt,base,VI2+VI4,323.21237237200717,323.21237237200717,0.0,5.9143078327178955,2,5.936057090759277
r_15_30_30_30_1.txt,base,VI3+VI4,323.2123723720072,320.41852340058114,0.008644003788971465,4.997790098190308,2,5.020488977432251
r_15_30_30_30_1.txt,base,All VI,323.2123723720072,320.2672603072576,0.009112002870236415,6.902533054351807,2,6.927227973937988
r_15_30_30_30_1.txt,lns,base,323.2123723720072,316.2517957374622,0.02153561320521981,15.007740020751953,9,46.92714500427246
r_15_30_30_30_1.txt,ils,base,324.2410541052608,307.67422728751006,0.05109416777424031,15.003509044647217,9,20.51887798309326
r_15_30_30_30_10.txt,base,No VI,267.6485023786281,265.40804683514085,0.00837088765143847,46.888514041900635,2,46.916674852371216
r_15_30_30_30_10.txt,base,VI1,267.6485023786281,265.01810757075793,0.00982779572646028,54.51355004310608,2,54.54235816001892
r_15_30_30_30_10.txt,base,VI2,267.6485023786281,265.40804683514085,0.00837088765143847,51.76645302772522,2,51.795665979385376
r_15_30_30_30_10.txt,base,VI3,267.6485023786281,265.01858976835996,0.009825994118763094,45.81123614311218,2,45.84276008605957
r_15_30_30_30_10.txt,base,VI4,267.6485023786281,265.3787538773207,0.00848033327717447,39.17754006385803,2,39.20684099197388
r_15_30_30_30_10.txt,base,VI1+VI4,267.6485023786281,265.23117554481377,0.00903172187526265,38.0587260723114,2,38.088374853134155
r_15_30_30_30_10.txt,base,VI2+VI4,267.6485023786281,265.3787538773207,0.00848033327717447,40.086437940597534,2,40.11561822891235
r_15_30_30_30_10.txt,base,VI3+VI4,276.0359423042763,273.3750156467238,0.009639783266410157,94.21500992774963,2,94.25324702262878
r_15_30_30_30_10.txt,base,All VI,276.0359423042763,273.49256386067424,0.009213939396335918,111.8073980808258,2,111.8458092212677
r_15_30_30_30_10.txt,lns,base,267.6485023786281,244.05370891854565,0.08815589570048914,15.006716966629028,9,44.63778614997864
r_15_30_30_30_10.txt,ils,base,267.6485023786281,244.05370891854565,0.08815589570048914,15.010059118270874,9,36.80163311958313
r_15_30_30_30_2.txt,base,No VI,307.0630782040612,304.07644549868775,0.00972644683574965,20.97827911376953,2,21.006059169769287
r_15_30_30_30_2.txt,base,VI1,307.0630782040612,304.7837470284134,0.00742300633791283,12.245244026184082,2,12.273219108581543
r_15_30_30_30_2.txt,base,VI2,307.0630782040612,304.07644549868775,0.00972644683574965,21.192909955978394,2,21.219916105270386
r_15_30_30_30_2.txt,base,VI3,307.0630782040612,305.74608868438145,0.004288986899312334,10.078979015350342,2,10.104942083358765
r_15_30_30_30_2.txt,base,VI4,307.0630782040612,307.0630782040612,0.0,4.870513916015625,2,4.895630836486816
r_15_30_30_30_2.txt,base,VI1+VI4,307.0630782040612,307.0630782040612,0.0,6.732659101486206,2,6.757905960083008
r_15_30_30_30_2.txt,base,VI2+VI4,307.0630782040612,307.0630782040612,0.0,4.798986911773682,2,4.8223206996917725
r_15_30_30_30_2.txt,base,VI3+VI4,309.92475877268487,307.0453387704281,0.009290706601368036,8.12921690940857,2,8.155616044998169
r_15_30_30_30_2.txt,base,All VI,309.9247587726849,308.99246333836663,0.0030081347421555492,15.026623010635376,2,15.054354906082153
r_15_30_30_30_2.txt,lns,base,307.0630782040612,296.96938184884857,0.03287173571713096,15.011137962341309,9,16.293092012405396
r_15_30_30_30_2.txt,ils,base,307.0630782040612,297.19596632754474,0.03213382714140311,15.006237983703613,9,17.76882314682007
r_15_30_30_30_3.txt,base,No VI,300.29175352947766,300.29175352947766,0.0,1.4165048599243164,2,1.4372808933258057
r_15_30_30_30_3.txt,base,VI1,300.29175352947766,300.29175352947766,0.0,1.4893290996551514,2,1.5132818222045898
r_15_30_30_30_3.txt,base,VI2,300.29175352947766,300.29175352947766,0.0,1.5475668907165527,2,1.5713679790496826
r_15_30_30_30_3.txt,base,VI3,300.29175352947766,298.15521827193794,0.007114864901976038,1.5754389762878418,2,1.600423812866211
r_15_30_30_30_3.txt,base,VI4,300.29175352947766,297.52665214797327,0.009208049668380128,1.4601387977600098,2,1.48582124710083
r_15_30_30_30_3.txt,base,VI1+VI4,300.29175352947766,298.0270962142024,0.007541523497257648,1.6440749168395996,2,1.668868064880371
r_15_30_30_30_3.txt,base,VI2+VI4,300.29175352947766,297.52665214797327,0.009208049668380128,1.462101936340332,2,1.4862279891967773
r_15_30_30_30_3.txt,base,VI3+VI4,311.34117039024795,311.34117039024795,0.0,4.303040027618408,2,4.326712131500244
r_15_30_30_30_3.txt,base,All VI,311.34117039024795,311.34117039024795,0.0,3.8274331092834473,2,3.8530890941619873
r_15_30_30_30_3.txt,lns,base,300.29175352947766,300.29175352947766,0.0,1.3618109226226807,2,4.734066009521484
r_15_30_30_30_3.txt,ils,base,300.29175352947766,300.29175352947766,0.0,1.4679880142211914,2,7.028609037399292
r_15_30_30_30_4.txt,base,No VI,289.87912192614965,289.87912192614965,0.0,2.6856441497802734,2,2.7066640853881836
r_15_30_30_30_4.txt,base,VI1,289.87912192614965,289.87912192614965,0.0,1.1549620628356934,2,1.1816928386688232
r_15_30_30_30_4.txt,base,VI2,289.87912192614965,289.87912192614965,0.0,2.7934370040893555,2,2.8190622329711914
r_15_30_30_30_4.txt,base,VI3,289.87912192614965,287.9106270876819,0.00679074376032239,3.6069161891937256,2,3.6316380500793457
r_15_30_30_30_4.txt,base,VI4,289.87912192614965,287.45762496136825,0.008353471435581015,0.8905599117279053,2,0.9130959510803223
r_15_30_30_30_4.txt,base,VI1+VI4,289.87912192614965,287.83537222996597,0.0070503514796224345,1.8898088932037354,2,1.914527177810669
r_15_30_30_30_4.txt,base,VI2+VI4,289.87912192614965,287.45762496136825,0.008353471435581015,0.9557609558105469,2,0.979982852935791
r_15_30_30_30_4.txt,base,VI3+VI4,289.87912192614965,288.1149374755878,0.00608593140078334,1.3106708526611328,2,1.3374669551849365
r_15_30_30_30_4.txt,base,All VI,289.87912192614965,289.87912192614965,0.0,2.353573799133301,2,2.379626989364624
r_15_30_30_30_4.txt,lns,base,289.87912192614965,289.87912192614965,0.0,2.548849105834961,2,3.5819509029388428
r_15_30_30_30_4.txt,ils,base,289.87912192614965,289.87912192614965,0.0,2.4569129943847656,2,4.786389112472534
r_15_30_30_30_5.txt,base,No VI,347.7885116639461,344.82815301897745,0.008511950641512675,23.502562046051025,2,23.527493000030518
r_15_30_30_30_5.txt,base,VI1,347.7885116639461,344.9467142542887,0.008171050262877413,17.042892932891846,2,17.069961071014404
r_15_30_30_30_5.txt,base,VI2,347.7885116639461,344.82815301897745,0.008511950641512675,23.7290780544281,2,23.756514072418213
r_15_30_30_30_5.txt,base,VI3,347.7885116639461,347.7885116639461,0.0,17.95320701599121,2,17.97964882850647
r_15_30_30_30_5.txt,base,VI4,347.7885116639461,347.7885116639461,0.0,7.6419689655303955,2,7.665655851364136
r_15_30_30_30_5.txt,base,VI1+VI4,347.7885116639461,347.7885116639461,0.0,7.17887806892395,2,7.203305959701538
r_15_30_30_30_5.txt,base,VI2+VI4,347.7885116639461,347.7885116639461,0.0,7.818325996398926,2,7.843476057052612
r_15_30_30_30_5.txt,base,VI3+VI4,348.095097909888,348.095097909888,0.0,15.011799097061157,2,15.038177728652954
r_15_30_30_30_5.txt,base,All VI,348.095097909888,348.095097909888,0.0,8.3192138671875,2,8.345185041427612
r_15_30_30_30_5.txt,lns,base,347.78851166394605,347.78851166394605,0.0,0.313032865524292,2,26.0850191116333
r_15_30_30_30_5.txt,ils,base,347.78851166394605,347.78851166394605,0.0,0.2628309726715088,2,55.91914701461792
r_15_30_30_30_6.txt,base,No VI,315.9647784226685,315.9647784226684,0.0,2.827181816101074,2,2.848465919494629
r_15_30_30_30_6.txt,base,VI1,315.9647784226684,313.3615429229349,0.008239005349675822,1.148587942123413,2,1.1732938289642334
r_15_30_30_30_6.txt,base,VI2,315.9647784226685,315.9647784226684,0.0,2.863003969192505,2,2.888823986053467
r_15_30_30_30_6.txt,base,VI3,315.9647784226684,315.9647784226684,0.0,1.544968843460083,2,1.5701429843902588
r_15_30_30_30_6.txt,base,VI4,315.9647784226684,313.8448759525094,0.006709299943942427,1.2772870063781738,2,1.3028078079223633
r_15_30_30_30_6.txt,base,VI1+VI4,315.9647784226685,314.6466528619614,0.00417174840590557,1.582564115524292,2,1.6086580753326416
r_15_30_30_30_6.txt,base,VI2+VI4,315.9647784226684,313.8448759525094,0.006709299943942427,1.3265771865844727,2,1.3530590534210205
r_15_30_30_30_6.txt,base,VI3+VI4,315.9647784226684,315.9647784226684,0.0,1.568526029586792,2,1.595174789428711
r_15_30_30_30_6.txt,base,All VI,315.9647784226684,313.90559316215854,0.00651713545664666,1.8302161693572998,2,1.8601140975952148
r_15_30_30_30_6.txt,lns,base,315.9647784226684,315.96477842266836,0.0,0.2734391689300537,2,4.665485858917236
r_15_30_30_30_6.txt,ils,base,315.96477842266836,313.13495432275636,0.008956137813963955,0.12656807899475098,2,8.122213125228882
r_15_30_30_30_7.txt,base,No VI,303.3062311398146,300.9583263377332,0.007741037146708358,9.931797981262207,2,9.961009979248047
r_15_30_30_30_7.txt,base,VI1,303.3062311398146,301.07311007433503,0.007362595410874256,10.445686101913452,2,10.476352214813232
r_15_30_30_30_7.txt,base,VI2,303.3062311398146,300.9583263377332,0.007741037146708358,11.211052894592285,2,11.249666929244995
r_15_30_30_30_7.txt,base,VI3,303.3062311398146,300.3236434301395,0.00983358534530147,11.243354082107544,2,11.287595987319946
r_15_30_30_30_7.txt,base,VI4,303.3062311398146,303.3062311398146,0.0,8.23722505569458,2,8.274684190750122
r_15_30_30_30_7.txt,base,VI1+VI4,303.3062311398146,302.0213872574195,0.004236127551902512,9.195556879043579,2,9.235996961593628
r_15_30_30_30_7.txt,base,VI2+VI4,303.3062311398146,303.3062311398146,0.0,6.994509935379028,2,7.029178142547607
r_15_30_30_30_7.txt,base,VI3+VI4,303.3062311398146,303.0502081363876,0.0008441072986363572,12.294915199279785,2,12.326579093933105
r_15_30_30_30_7.txt,base,All VI,303.3062311398146,303.3062311398146,0.0,5.618481874465942,2,5.649590730667114
r_15_30_30_30_7.txt,lns,base,303.3062311398146,300.9583263377332,0.007741037146708358,7.787099838256836,2,10.67841911315918
r_15_30_30_30_7.txt,ils,base,303.3062311398146,300.9583263377332,0.007741037146708358,7.624500036239624,2,10.576498031616211
r_15_30_30_30_8.txt,base,No VI,300.2820279666346,299.44026971629,0.0028032255411506468,5.909395217895508,2,5.936499118804932
r_15_30_30_30_8.txt,base,VI1,300.2820279666346,299.0441125486331,0.004122509183729861,5.628068923950195,2,5.656397819519043
r_15_30_30_30_8.txt,base,VI2,300.2820279666346,299.44026971629,0.0028032255411506468,5.859133958816528,2,5.886384010314941
r_15_30_30_30_8.txt,base,VI3,300.2820279666346,300.2820279666346,0.0,5.794527053833008,2,5.822677135467529
r_15_30_30_30_8.txt,base,VI4,300.2820279666346,300.2820279666346,0.0,3.2555551528930664,2,3.282241106033325
r_15_30_30_30_8.txt,base,VI1+VI4,300.2820279666346,300.2820279666346,0.0,2.9935669898986816,2,3.022123098373413
r_15_30_30_30_8.txt,base,VI2+VI4,300.2820279666346,300.2820279666346,0.0,3.6573848724365234,2,3.6843128204345703
r_15_30_30_30_8.txt,base,VI3+VI4,300.2820279666346,297.475642371305,0.009345832697124986,5.0781090259552,2,5.108443021774292
r_15_30_30_30_8.txt,base,All VI,300.2820279666346,300.2820279666346,0.0,3.2944588661193848,2,3.327101945877075
r_15_30_30_30_8.txt,lns,base,300.2820279666346,299.44026971629,0.0028032255411506468,5.232762813568115,2,10.67542314529419
r_15_30_30_30_8.txt,ils,base,300.2820279666346,299.44026971629,0.0028032255411506468,5.272557020187378,2,9.150444030761719
r_15_30_30_30_9.txt,base,No VI,314.5183463229421,311.55986799974505,0.009406377585870023,36.22331404685974,2,36.255937814712524
r_15_30_30_30_9.txt,base,VI1,314.5183463229421,314.5183463229421,0.0,30.32271981239319,2,30.354097843170166
r_15_30_30_30_9.txt,base,VI2,314.5183463229421,311.55986799974505,0.009406377585870023,36.33267378807068,2,36.36687994003296
r_15_30_30_30_9.txt,base,VI3,314.5183463229421,312.9193811235333,0.005083853511575412,34.633167028427124,2,34.66511797904968
r_15_30_30_30_9.txt,base,VI4,314.5183463229421,314.08114512432996,0.001390065806091974,21.989125967025757,2,22.020946979522705
r_15_30_30_30_9.txt,base,VI1+VI4,314.5183463229421,312.2187828472325,0.007311381045315675,20.549220085144043,2,20.581848859786987
r_15_30_30_30_9.txt,base,VI2+VI4,314.5183463229421,314.08114512432996,0.001390065806091974,20.388159036636353,2,20.419579029083252
r_15_30_30_30_9.txt,base,VI3+VI4,329.16933343132894,325.99302810457135,0.009649456994207585,68.9359519481659,2,68.97255897521973
r_15_30_30_30_9.txt,base,All VI,329.16933343132894,327.08343757090284,0.0063368474781119,60.14195990562439,2,60.180848121643066
r_15_30_30_30_9.txt,lns,base,329.16933343132894,291.15379065211033,0.11548932090039117,15.008839130401611,9,29.531726121902466
r_15_30_30_30_9.txt,ils,base,314.5183463229421,314.5183463229421,0.0,0.046050071716308594,2,59.95323705673218
r_15_30_30_70_1.txt,base,No VI,323.21237237200717,320.8781962731803,0.007221803056908609,5.545058012008667,2,5.567368030548096
r_15_30_30_70_1.txt,base,VI1,326.5391741601447,323.7778822184644,0.008456234841599889,5.765352964401245,2,5.784134149551392
r_15_30_30_70_1.txt,base,VI2,323.21237237200717,320.8781962731803,0.007221803056908609,5.955289125442505,2,5.974883079528809
r_15_30_30_70_1.txt,base,VI3,323.2123723720072,323.2123723720072,0.0,7.2529051303863525,2,7.273918151855469
r_15_30_30_70_1.txt,base,VI4,323.21237237200717,321.6816066397244,0.004736098810354007,3.715764045715332,2,3.735546112060547
r_15_30_30_70_1.txt,base,VI1+VI4,326.5391741601447,326.5391741601447,0.0,2.885262966156006,2,2.9067037105560303
r_15_30_30_70_1.txt,base,VI2+VI4,323.21237237200717,321.6816066397244,0.004736098810354007,3.894989013671875,2,3.916445732116699
r_15_30_30_70_1.txt,base,VI3+VI4,326.53917416014474,324.1808064033357,0.00722231187995975,7.866209030151367,2,7.8896331787109375
r_15_30_30_70_1.txt,base,All VI,326.5391741601447,326.4413888629827,0.00029945962046814005,3.4389610290527344,2,3.4608771800994873
r_15_30_30_70_1.txt,lns,base,323.21237237200717,320.8781962731803,0.007221803056908609,6.278773069381714,2,30.66400718688965
r_15_30_30_70_1.txt,ils,base,323.21237237200717,320.8781962731803,0.007221803056908609,9.298587083816528,2,27.976253747940063
r_15_30_30_70_10.txt,base,No VI,267.6485023786281,265.41916804717204,0.008329336094331483,46.05049014091492,2,46.07475185394287
r_15_30_30_70_10.txt,base,VI1,269.3960076988142,269.3960076988142,0.0,11.8976469039917,2,11.918631076812744
r_15_30_30_70_10.txt,base,VI2,267.6485023786281,265.41916804717204,0.008329336094331483,46.03481984138489,2,46.058959007263184
r_15_30_30_70_10.txt,base,VI3,267.6485023786281,265.49526918472407,0.008045003707354875,43.48604702949524,2,43.5143768787384
r_15_30_30_70_10.txt,base,VI4,267.6485023786281,265.2886554670872,0.008816962884412291,37.19462704658508,2,37.223280906677246
r_15_30_30_70_10.txt,base,VI1+VI4,269.3960076988142,269.3960076988142,0.0,17.139862060546875,2,17.16682195663452
r_15_30_30_70_10.txt,base,VI2+VI4,267.6485023786281,265.2886554670872,0.008816962884412291,32.58387899398804,2,32.610016107559204
r_15_30_30_70_10.txt,base,VI3+VI4,276.0359423042763,273.2794128280203,0.009986125188065003,102.09189414978027,2,102.13026714324951
r_15_30_30_70_10.txt,base,All VI,276.0359423042763,274.6894635554065,0.004877910961991923,31.801136016845703,2,31.830845832824707
r_15_30_30_70_10.txt,lns,base,267.6485023786281,267.6485023786281,0.0,1.0956079959869385,2,54.55666399002075
r_15_30_30_70_10.txt,ils,base,267.6485023786281,267.6485023786281,0.0,1.2889070510864258,2,29.117005825042725
r_15_30_30_70_2.txt,base,No VI,307.0630782040612,307.0630782040612,0.0,13.536759853363037,2,13.559993028640747
r_15_30_30_70_2.txt,base,VI1,307.0630782040612,304.3543654869147,0.008821355966953522,9.873786926269531,2,9.899616003036499
r_15_30_30_70_2.txt,base,VI2,307.0630782040612,307.0630782040612,0.0,13.420331001281738,2,13.445386171340942
r_15_30_30_70_2.txt,base,VI3,307.0630782040612,305.4301251530054,0.00531797264785637,10.059664964675903,2,10.08374285697937
r_15_30_30_70_2.txt,base,VI4,307.0630782040612,307.0630782040612,0.0,4.687891960144043,2,4.710946798324585
r_15_30_30_70_2.txt,base,VI1+VI4,307.0630782040612,306.2805392241058,0.0025484632816562924,7.278079032897949,2,7.3038599491119385
r_15_30_30_70_2.txt,base,VI2+VI4,307.0630782040612,307.0630782040612,0.0,4.281151056289673,2,4.303600788116455
r_15_30_30_70_2.txt,base,VI3+VI4,315.2547618786273,312.91507745108686,0.007421567286083358,22.407011032104492,2,22.434407234191895
r_15_30_30_70_2.txt,base,All VI,320.68591225667933,318.06443914739225,0.008174581448993726,23.71690011024475,2,23.746490001678467
r_15_30_30_70_2.txt,lns,base,307.0630782040612,307.0630782040612,0.0,14.829536199569702,2,18.37486433982849
r_15_30_30_70_2.txt,ils,base,307.0630782040612,307.0630782040612,0.0,14.890667915344238,2,17.582556009292603
r_15_30_30_70_3.txt,base,No VI,300.29175352947766,300.29175352947766,0.0,1.109915018081665,2,1.1312510967254639
r_15_30_30_70_3.txt,base,VI1,300.29175352947766,300.29175352947766,0.0,1.4490079879760742,2,1.4734859466552734
r_15_30_30_70_3.txt,base,VI2,300.29175352947766,300.29175352947766,0.0,1.1123149394989014,2,1.13612699508667
r_15_30_30_70_3.txt,base,VI3,300.29175352947766,300.29175352947766,0.0,1.2861151695251465,2,1.3111391067504883
r_15_30_30_70_3.txt,base,VI4,300.29175352947766,300.29175352947766,0.0,1.2978260517120361,2,1.3235459327697754
r_15_30_30_70_3.txt,base,VI1+VI4,300.29175352947766,297.65668781195257,0.008775018582940965,2.066685914993286,2,2.0905771255493164
r_15_30_30_70_3.txt,base,VI2+VI4,300.29175352947766,300.29175352947766,0.0,1.2595090866088867,2,1.2830121517181396
r_15_30_30_70_3.txt,base,VI3+VI4,317.57706241606934,317.57706241606934,0.0,6.990305185317993,2,7.015729904174805
r_15_30_30_70_3.txt,base,All VI,317.5770624160693,317.5770624160693,0.0,7.43352198600769,2,7.459420919418335
r_15_30_30_70_3.txt,lns,base,300.29175352947766,300.29175352947766,0.0,1.1911821365356445,2,5.1175689697265625
r_15_30_30_70_3.txt,ils,base,300.29175352947766,300.29175352947766,0.0,1.394670009613037,2,6.820644855499268
r_15_30_30_70_4.txt,base,No VI,289.87912192614965,288.033226848502,0.006367809676606875,0.9168188571929932,2,0.9395570755004883
r_15_30_30_70_4.txt,base,VI1,293.79533197675084,293.79533197675084,0.0,1.4983530044555664,2,1.5248749256134033
r_15_30_30_70_4.txt,base,VI2,289.87912192614965,288.033226848502,0.006367809676606875,0.7565150260925293,2,0.7800071239471436
r_15_30_30_70_4.txt,base,VI3,289.87912192614965,289.5162498190892,0.0012518049062978554,3.3571770191192627,2,3.3814198970794678
r_15_30_30_70_4.txt,base,VI4,289.87912192614965,288.38877138179464,0.005141282802473425,1.1053709983825684,2,1.1281099319458008
r_15_30_30_70_4.txt,base,VI1+VI4,293.79533197675084,292.7275210045441,0.003634540293823516,3.130887985229492,2,3.1551880836486816
r_15_30_30_70_4.txt,base,VI2+VI4,289.87912192614965,288.38877138179464,0.005141282802473425,1.1193499565124512,2,1.143038034439087
r_15_30_30_70_4.txt,base,VI3+VI4,289.87912192614965,288.3640135382123,0.0052266902765192545,1.221898078918457,2,1.2460548877716064
r_15_30_30_70_4.txt,base,All VI,293.79533197675084,292.18821475300894,0.00547019318832842,1.566662073135376,2,1.5927319526672363
r_15_30_30_70_4.txt,lns,base,289.87912192614965,288.033226848502,0.006367809676606875,0.76267409324646,2,2.5544209480285645
r_15_30_30_70_4.txt,ils,base,289.87912192614965,288.033226848502,0.006367809676606875,0.7600901126861572,2,3.1158530712127686
r_15_30_30_70_5.txt,base,No VI,347.7885116639461,347.7885116639461,0.0,33.26221418380737,2,33.28587007522583
r_15_30_30_70_5.txt,base,VI1,347.78851166394605,346.8386620266637,0.002731112746473185,6.56902003288269,2,6.594465017318726
r_15_30_30_70_5.txt,base,VI2,347.7885116639461,347.7885116639461,0.0,31.31253409385681,2,31.343957662582397
r_15_30_30_70_5.txt,base,VI3,347.7885116639461,346.0151105330952,0.0050990790994398325,16.3506441116333,2,16.377660751342773
r_15_30_30_70_5.txt,base,VI4,347.7885116639461,344.82406807500297,0.008523696124291656,17.821831941604614,2,17.849239110946655
r_15_30_30_70_5.txt,base,VI1+VI4,347.7885116639461,347.7885116639461,0.0,4.431307077407837,2,4.454736948013306
r_15_30_30_70_5.txt,base,VI2+VI4,347.7885116639461,344.82406807500297,0.008523696124291656,17.225093841552734,2,17.25108814239502
r_15_30_30_70_5.txt,base,VI3+VI4,348.095097909888,348.095097909888,0.0,11.551283121109009,2,11.57751202583313
r_15_30_30_70_5.txt,base,All VI,348.095097909888,345.14830634604823,0.008465478490026374,6.756385803222656,2,6.781998157501221
r_15_30_30_70_5.txt,lns,base,347.78851166394605,347.78851166394605,0.0,2.252034902572632,2,21.448445081710815
r_15_30_30_70_5.txt,ils,base,347.7885116639461,322.49579110102025,0.07272442796317893,15.004163980484009,9,31.27877902984619
r_15_30_30_70_6.txt,base,No VI,315.9647784226684,315.9647784226684,0.0,1.2071161270141602,2,1.2290842533111572
r_15_30_30_70_6.txt,base,VI1,317.8274889974149,317.8274889974149,0.0,1.1086251735687256,2,1.133667230606079
r_15_30_30_70_6.txt,base,VI2,315.9647784226684,315.9647784226684,0.0,1.2025251388549805,2,1.2256650924682617
r_15_30_30_70_6.txt,base,VI3,315.96477842266836,313.6862426824485,0.007211359923072982,1.5447750091552734,2,1.568331003189087
r_15_30_30_70_6.txt,base,VI4,315.9647784226685,315.9647784226685,0.0,1.4709389209747314,2,1.4944281578063965
r_15_30_30_70_6.txt,base,VI1+VI4,317.8274889974149,315.8708862527191,0.006156178469231421,1.3287830352783203,2,1.3540630340576172
r_15_30_30_70_6.txt,base,VI2+VI4,315.9647784226685,315.9647784226685,0.0,1.41143798828125,2,1.436427116394043
r_15_30_30_70_6.txt,base,VI3+VI4,315.9647784226685,313.0255416768625,0.009302418960996216,1.6755139827728271,2,1.6991710662841797
r_15_30_30_70_6.txt,base,All VI,317.8274889974149,314.6870428726599,0.009880977050353661,1.5966720581054688,2,1.6226131916046143
r_15_30_30_70_6.txt,lns,base,315.9647784226684,315.9647784226684,0.0,1.3246848583221436,2,3.3765859603881836
r_15_30_30_70_6.txt,ils,base,315.9647784226684,315.9647784226684,0.0,1.2570140361785889,2,6.359916925430298
r_15_30_30_70_7.txt,base,No VI,303.3062311398146,303.3062311398146,0.0,8.719720125198364,2,8.7466721534729
r_15_30_30_70_7.txt,base,VI1,305.36990531340035,305.36990531340035,0.0,7.746725082397461,2,7.77026629447937
r_15_30_30_70_7.txt,base,VI2,303.3062311398146,303.3062311398146,0.0,8.821377038955688,2,8.84602689743042
r_15_30_30_70_7.txt,base,VI3,303.3062311398146,301.2154654515873,0.006893250034363838,9.574947834014893,2,9.599356174468994
r_15_30_30_70_7.txt,base,VI4,303.3062311398146,300.4238256986199,0.009503284618857678,4.542589902877808,2,4.566986083984375
r_15_30_30_70_7.txt,base,VI1+VI4,305.36990531340035,305.36990531340035,0.0,3.247375965118408,2,3.2720041275024414
r_15_30_30_70_7.txt,base,VI2+VI4,303.3062311398146,300.4238256986199,0.009503284618857678,4.485489130020142,2,4.509735822677612
r_15_30_30_70_7.txt,base,VI3+VI4,303.3062311398146,303.3062311398146,0.0,4.0079240798950195,2,4.032757997512817
r_15_30_30_70_7.txt,base,All VI,305.36990531340035,303.9399735283792,0.004682621830575015,3.9536190032958984,2,3.9801740646362305
r_15_30_30_70_7.txt,lns,base,303.3062311398146,303.3062311398146,0.0,8.767493963241577,2,10.31018877029419
r_15_30_30_70_7.txt,ils,base,303.3062311398146,303.3062311398146,0.0,9.72698187828064,2,13.500866174697876
r_15_30_30_70_8.txt,base,No VI,300.2820279666346,297.2989675238166,0.009934195739311596,5.745067834854126,2,5.76500391960144
r_15_30_30_70_8.txt,base,VI1,322.07251269385097,321.6142238042506,0.0014229369832500125,36.19964909553528,2,36.22923398017883
r_15_30_30_70_8.txt,base,VI2,300.2820279666346,297.2989675238166,0.009934195739311596,5.801275014877319,2,5.825650930404663
r_15_30_30_70_8.txt,base,VI3,300.2820279666346,300.2820279666346,0.0,4.282176971435547,2,4.306550979614258
r_15_30_30_70_8.txt,base,VI4,300.2820279666346,300.2820279666346,0.0,4.3498570919036865,2,4.374810218811035
r_15_30_30_70_8.txt,base,VI1+VI4,322.0725126938509,322.0725126938509,0.0,9.263247013092041,2,9.288323879241943
r_15_30_30_70_8.txt,base,VI2+VI4,300.2820279666346,300.2820279666346,0.0,4.361685037612915,2,4.386062145233154
r_15_30_30_70_8.txt,base,VI3+VI4,315.9317387097061,314.2861363778282,0.0052087274884084125,14.128294944763184,2,14.153868198394775
r_15_30_30_70_8.txt,base,All VI,329.9739017569808,326.95298407066167,0.009155020049264329,34.01126313209534,2,34.039998054504395
r_15_30_30_70_8.txt,lns,base,300.2820279666346,297.2989675238166,0.009934195739311596,5.956151008605957,2,7.001298904418945
r_15_30_30_70_8.txt,ils,base,300.2820279666346,297.2989675238166,0.009934195739311596,5.965941905975342,2,10.400918960571289
r_15_30_30_70_9.txt,base,No VI,314.5183463229421,311.9717604268941,0.008096780126883902,31.20595693588257,2,31.231076955795288
r_15_30_30_70_9.txt,base,VI1,314.5183463229421,311.8713981222869,0.00841587853809117,16.878788948059082,2,16.906888008117676
r_15_30_30_70_9.txt,base,VI2,314.5183463229421,311.9717604268941,0.008096780126883902,30.628517150878906,2,30.65741777420044
r_15_30_30_70_9.txt,base,VI3,314.5183463229421,312.25899077547166,0.007183541354215797,16.905771017074585,2,16.932881832122803
r_15_30_30_70_9.txt,base,VI4,314.5183463229421,311.91725005336536,0.008270093938831644,21.95335292816162,2,21.98068618774414
r_15_30_30_70_9.txt,base,VI1+VI4,314.5183463229421,311.99364793068355,0.008027189579797075,22.004019021987915,2,22.03139305114746
r_15_30_30_70_9.txt,base,VI2+VI4,314.5183463229421,311.91725005336536,0.008270093938831644,22.134021997451782,2,22.161022901535034
r_15_30_30_70_9.txt,base,VI3+VI4,329.16933343132894,326.0801277948248,0.009384852483983252,56.50619602203369,2,56.53807306289673
r_15_30_30_70_9.txt,base,All VI,329.1692877928615,326.8640512562122,0.0070031944720795125,63.24755096435547,2,63.27927827835083
r_15_30_30_70_9.txt,lns,base,314.5183463229421,288.1366359416487,0.08387971859105822,15.004703044891357,9,31.229068994522095
r_15_30_30_70_9.txt,ils,base,314.5183463229421,288.1366359416487,0.08387971859105822,15.007081031799316,9,43.76206636428833
r_15_70_30_30_1.txt,base,No VI,450.2865263505674,446.8015138262132,0.0077395443132601575,6.214118003845215,2,6.2392051219940186
r_15_70_30_30_1.txt,base,VI1,450.28652635056744,447.63095690964144,0.005897510330696696,6.132421016693115,2,6.152148962020874
r_15_70_30_30_1.txt,base,VI2,450.2865263505674,446.8015138262132,0.0077395443132601575,6.830592155456543,2,6.850008249282837
r_15_70_30_30_1.txt,base,VI3,450.2865263505674,446.7402243440775,0.007875656496390361,5.320821046829224,2,5.341686010360718
r_15_70_30_30_1.txt,base,VI4,450.2865263505674,449.299022994507,0.002193055528584803,4.20716404914856,2,4.227755069732666
r_15_70_30_30_1.txt,base,VI1+VI4,450.2865263505674,450.2865263505674,0.0,3.9784839153289795,2,3.9998741149902344
r_15_70_30_30_1.txt,base,VI2+VI4,450.2865263505674,449.299022994507,0.002193055528584803,4.357764959335327,2,4.380336046218872
r_15_70_30_30_1.txt,base,VI3+VI4,452.53212587669884,450.38078790733533,0.004754000536858424,6.308586835861206,2,6.331648826599121
r_15_70_30_30_1.txt,base,All VI,452.53212587669884,449.7101427128758,0.006235984148873371,5.504565000534058,2,5.528982877731323
r_15_70_30_30_1.txt,lns,base,450.2865263505674,446.8015138262132,0.0077395443132601575,6.4022181034088135,2,8.935197114944458
r_15_70_30_30_1.txt,ils,base,450.2865263505674,446.8015138262132,0.0077395443132601575,6.718713998794556,2,31.362338066101074
r_15_70_30_30_10.txt,base,No VI,387.6371114041253,383.822509822824,0.00984065113756471,253.34172201156616,2,253.39556884765625
r_15_70_30_30_10.txt,base,VI1,387.6371114041253,383.91761919801553,0.00959529440469916,122.16080594062805,2,122.20881199836731
r_15_70_30_30_10.txt,base,VI2,387.6371114041253,383.822509822824,0.00984065113756471,242.826406955719,2,242.87990713119507
r_15_70_30_30_10.txt,base,VI3,387.63711140412533,381.96345477403196,0.014636515604870426,912.2247009277344,9,912.2837388515472
r_15_70_30_30_10.txt,base,VI4,387.63711140412533,359.1675415140265,0.07344387070416053,609.6292841434479,9,609.6781649589539
r_15_70_30_30_10.txt,base,VI1+VI4,387.63711140412533,383.9683153738649,0.009464511839361946,371.6945240497589,2,371.72241592407227
r_15_70_30_30_10.txt,base,VI2+VI4,387.63711140412533,384.04808766975407,0.009258720666271768,124.63085007667542,2,124.66596603393555
r_15_70_30_30_10.txt,base,VI3+VI4,390.7170990592945,386.9583497656029,0.009620130019242354,102.89499998092651,2,102.93514704704285
r_15_70_30_30_10.txt,base,All VI,390.7170990592945,386.8989967807694,0.009772037844562613,126.9197781085968,2,126.9629738330841
r_15_70_30_30_10.txt,lns,base,388.05400053254374,339.7094665246052,0.12458197555390019,15.001976013183594,9,60.82440710067749
r_15_70_30_30_10.txt,ils,base,387.6371105876357,383.7971123837509,0.009906167647528752,0.04156303405761719,2,60.73512411117554
r_15_70_30_30_2.txt,base,No VI,439.96219126565677,436.10723043550485,0.008762027525733984,15.403542041778564,2,15.427567958831787
r_15_70_30_30_2.txt,base,VI1,445.32856775458663,440.8817649686328,0.009985442452918004,49.4640748500824,2,49.49794888496399
r_15_70_30_30_2.txt,base,VI2,439.96219126565677,436.10723043550485,0.008762027525733984,15.507653951644897,2,15.532857894897461
r_15_70_30_30_2.txt,base,VI3,439.96219126565677,439.96219126565677,0.0,19.944008827209473,2,19.97116184234619
r_15_70_30_30_2.txt,base,VI4,439.9621912656568,437.14654036215506,0.006399756523172745,31.92975091934204,2,31.960871934890747
r_15_70_30_30_2.txt,base,VI1+VI4,445.32856775458663,442.2001857661013,0.007024885028730811,28.5135338306427,2,28.543372869491577
r_15_70_30_30_2.txt,base,VI2+VI4,439.9621912656568,437.14654036215506,0.006399756523172745,31.679992198944092,2,31.712421894073486
r_15_70_30_30_2.txt,base,VI3+VI4,447.9977339991686,447.1891078568282,0.0018049781973716768,28.0975341796875,2,28.12666916847229
r_15_70_30_30_2.txt,base,All VI,447.9977339991686,445.49039236925194,0.005596773018323583,33.97930312156677,2,34.01001286506653
r_15_70_30_30_2.txt,lns,base,439.9621832166634,438.8901575560982,0.00243663137755927,6.750860214233398,2,45.25793218612671
r_15_70_30_30_2.txt,ils,base,439.96219126565677,439.96219126565677,0.0,0.0167999267578125,2,33.48099207878113
r_15_70_30_30_3.txt,base,No VI,431.0890429271919,427.20960308340926,0.008999161327414745,12.802461862564087,2,12.824597120285034
r_15_70_30_30_3.txt,base,VI1,431.0890429271919,426.8339282471234,0.009870616639140885,13.921096801757812,2,13.949667930603027
r_15_70_30_30_3.txt,base,VI2,431.0890429271919,427.20960308340926,0.008999161327414745,13.139250040054321,2,13.164925813674927
r_15_70_30_30_3.txt,base,VI3,431.0890429271918,429.14114051323656,0.004518561642691184,13.153671979904175,2,13.181254148483276
r_15_70_30_30_3.txt,base,VI4,431.0890429271919,428.63028975736637,0.0057035853964879845,10.777449131011963,2,10.805527210235596
r_15_70_30_30_3.txt,base,VI1+VI4,431.0890429271918,427.22096324916726,0.008972809078512963,8.037422895431519,2,8.065062999725342
r_15_70_30_30_3.txt,base,VI2+VI4,431.0890429271919,428.63028975736637,0.0057035853964879845,9.8470618724823,2,9.8734450340271
r_15_70_30_30_3.txt,base,VI3+VI4,442.72160532907736,439.20768382168603,0.007937090634597365,16.035706043243408,2,16.06183695793152
r_15_70_30_30_3.txt,base,All VI,442.72160532907736,439.5522147266631,0.007158879449893606,16.211456060409546,2,16.240235090255737
r_15_70_30_30_3.txt,lns,base,431.0890429271918,426.95272413548497,0.009595045059879783,1.1959118843078613,2,28.847832918167114
r_15_70_30_30_3.txt,ils,base,431.0890391554493,428.93330958487513,0.005000659666034403,0.12335515022277832,2,68.81043076515198
r_15_70_30_30_4.txt,base,No VI,420.2579375555368,420.2579375555368,0.0,6.160470962524414,2,6.184921979904175
r_15_70_30_30_4.txt,base,VI1,420.25793692546375,420.25793692546375,0.0,5.113821029663086,2,5.140072822570801
r_15_70_30_30_4.txt,base,VI2,420.2579375555368,420.2579375555368,0.0,6.088994026184082,2,6.115705966949463
r_15_70_30_30_4.txt,base,VI3,420.2579375555368,420.2579375555368,0.0,4.303398847579956,2,4.32920503616333
r_15_70_30_30_4.txt,base,VI4,420.2579375555367,418.7994209952816,0.003470527097569436,3.7951579093933105,2,3.8213250637054443
r_15_70_30_30_4.txt,base,VI1+VI4,420.2579375555367,420.2579375555367,0.0,3.900099039077759,2,3.9265620708465576
r_15_70_30_30_4.txt,base,VI2+VI4,420.2579375555367,418.7994209952816,0.003470527097569436,3.7914180755615234,2,3.8173160552978516
r_15_70_30_30_4.txt,base,VI3+VI4,420.2579375555367,420.2579375555367,0.0,3.8102219104766846,2,3.8371338844299316
r_15_70_30_30_4.txt,base,All VI,420.2579375555367,420.2579375555367,0.0,2.9359560012817383,2,2.96388578414917
r_15_70_30_30_4.txt,lns,base,420.2579375555367,420.2579375555367,0.0,0.2879931926727295,2,12.018954992294312
r_15_70_30_30_4.txt,ils,base,420.2579375555367,420.2579375555367,0.0,0.3311760425567627,2,23.791218996047974
r_15_70_30_30_5.txt,base,No VI,488.33503838154,488.33503838154,0.0,9.821959018707275,2,9.845441818237305
r_15_70_30_30_5.txt,base,VI1,488.33503838154,488.33503838154,0.0,7.0659120082855225,2,7.093056917190552
r_15_70_30_30_5.txt,base,VI2,488.33503838154,488.33503838154,0.0,9.94936490058899,2,9.975829839706421
r_15_70_30_30_5.txt,base,VI3,488.33503838154,484.967076722953,0.006896825732081956,11.470223903656006,2,11.496670007705688
r_15_70_30_30_5.txt,base,VI4,488.33503838154,488.33503838154,0.0,7.648998022079468,2,7.674947261810303
r_15_70_30_30_5.txt,base,VI1+VI4,488.33503838154,485.7473325195446,0.005299037870744813,4.349355936050415,2,4.375577926635742
r_15_70_30_30_5.txt,base,VI2+VI4,488.33503838154,488.33503838154,0.0,7.8933820724487305,2,7.921210765838623
r_15_70_30_30_5.txt,base,VI3+VI4,503.78195686835096,500.87038969113775,0.00577941932520237,32.253631830215454,2,32.281967878341675
r_15_70_30_30_5.txt,base,All VI,503.78195686835096,503.78195686835096,0.0,10.109081029891968,2,10.140238285064697
r_15_70_30_30_5.txt,lns,base,488.33503838154,488.33503838154,0.0,9.901281833648682,2,25.741299867630005
r_15_70_30_30_5.txt,ils,base,488.3350351118226,488.3350351118226,0.0,0.20753788948059082,2,35.14872217178345
r_15_70_30_30_6.txt,base,No VI,450.6996377961862,450.6996377961862,0.0,4.282843112945557,2,4.306482791900635
r_15_70_30_30_6.txt,base,VI1,455.194336596428,451.69100350630566,0.007696345952626316,1.2177369594573975,2,1.2412681579589844
r_15_70_30_30_6.txt,base,VI2,450.6996377961862,450.6996377961862,0.0,4.012636184692383,2,4.038355827331543
r_15_70_30_30_6.txt,base,VI3,450.6996549564647,450.6996549564647,0.0,1.9827990531921387,2,2.007183074951172
r_15_70_30_30_6.txt,base,VI4,450.6996549564647,450.6996549564647,0.0,2.004261016845703,2,2.031391143798828
r_15_70_30_30_6.txt,base,VI1+VI4,455.194336596428,450.9156605246865,0.009399668949605084,2.1364080905914307,2,2.163020133972168
r_15_70_30_30_6.txt,base,VI2+VI4,450.6996549564647,450.6996549564647,0.0,2.0196127891540527,2,2.044654130935669
r_15_70_30_30_6.txt,base,VI3+VI4,455.19433659642795,452.88385261472695,0.005075818822740442,3.939358949661255,2,3.9666309356689453
r_15_70_30_30_6.txt,base,All VI,455.194336596428,455.194336596428,0.0,2.266335964202881,2,2.295631170272827
r_15_70_30_30_6.txt,lns,base,450.6996377961862,450.6996377961862,0.0,3.8492960929870605,2,7.996491193771362
r_15_70_30_30_6.txt,ils,base,450.6996377961862,450.6996377961862,0.0,3.822333812713623,2,8.673496007919312
r_15_70_30_30_7.txt,base,No VI,413.5235306439186,413.5235306439186,0.0,3.089984893798828,2,3.1132400035858154
r_15_70_30_30_7.txt,base,VI1,413.5235306439186,413.5235306439186,0.0,4.174505949020386,2,4.198852062225342
r_15_70_30_30_7.txt,base,VI2,413.5235306439186,413.5235306439186,0.0,3.138421058654785,2,3.162564754486084
r_15_70_30_30_7.txt,base,VI3,413.5235306439186,413.5235306439186,0.0,3.1976170539855957,2,3.2233331203460693
r_15_70_30_30_7.txt,base,VI4,413.5235306439186,413.03051231858313,0.0011922376571117147,3.348902940750122,2,3.3731977939605713
r_15_70_30_30_7.txt,base,VI1+VI4,413.5235306439186,413.5235306439186,0.0,1.8584318161010742,2,1.8843331336975098
r_15_70_30_30_7.txt,base,VI2+VI4,413.5235306439186,413.03051231858313,0.0011922376571117147,3.302549123764038,2,3.3264236450195312
r_15_70_30_30_7.txt,base,VI3+VI4,436.95069881822565,436.2933951497826,0.0015042970985531653,6.219318151473999,2,6.24436092376709
r_15_70_30_30_7.txt,base,All VI,436.95069881822565,436.95069881822565,0.0,5.990612030029297,2,6.016751766204834
r_15_70_30_30_7.txt,lns,base,413.5235306439186,413.5235306439186,0.0,2.989482879638672,2,7.0585668087005615
r_15_70_30_30_7.txt,ils,base,413.5235306439186,413.5235306439186,0.0,3.0192251205444336,2,8.584385871887207
r_15_70_30_30_8.txt,base,No VI,443.85951426477607,439.49534820818604,0.009832313865838778,43.22536516189575,2,43.25780391693115
r_15_70_30_30_8.txt,base,VI1,443.8595142647762,439.471013756604,0.009887138536258328,46.223366022109985,2,46.2514009475708
r_15_70_30_30_8.txt,base,VI2,443.85951426477607,439.49534820818604,0.009832313865838778,44.17653203010559,2,44.20464110374451
r_15_70_30_30_8.txt,base,VI3,443.8595142647762,440.83679975204717,0.0068100703388907545,46.96215581893921,2,46.990179777145386
r_15_70_30_30_8.txt,base,VI4,443.85951426477607,441.91572199404305,0.004379296169763932,18.881067991256714,2,18.90679693222046
r_15_70_30_30_8.txt,base,VI1+VI4,443.8595142647762,439.4350389247229,0.00996818857737482,40.80040621757507,2,40.831647872924805
r_15_70_30_30_8.txt,base,VI2+VI4,443.85951426477607,441.91572199404305,0.004379296169763932,19.006524085998535,2,19.031358003616333
r_15_70_30_30_8.txt,base,VI3+VI4,466.94698684936907,464.8426884869112,0.004506503782487628,82.32479000091553,2,82.35387086868286
r_15_70_30_30_8.txt,base,All VI,466.94698684936907,463.00908094630756,0.008433304023721694,92.81717109680176,2,92.85142612457275
r_15_70_30_30_8.txt,lns,base,443.85951426477607,400.4942901211083,0.09770033704357875,15.005363941192627,9,34.64053392410278
r_15_70_30_30_8.txt,ils,base,458.1841614333311,458.18416143333104,0.0,0.35471010208129883,2,33.107826948165894
r_15_70_30_30_9.txt,base,No VI,472.8706250811018,468.61033468125856,0.00900942070383961,222.4555299282074,2,222.49520921707153
r_15_70_30_30_9.txt,base,VI1,472.8705499287078,468.7426916344497,0.008729362179311917,176.79921197891235,2,176.84361100196838
r_15_70_30_30_9.txt,base,VI2,472.8706250811018,468.61033468125856,0.00900942070383961,218.9186668395996,2,218.96116304397583
r_15_70_30_30_9.txt,base,VI3,472.8706250811018,469.06334641547033,0.008051417160832313,263.9480390548706,2,263.9951140880585
r_15_70_30_30_9.txt,base,VI4,472.8706250811018,454.8013824864502,0.03821181024207742,812.9224560260773,9,812.9963998794556
r_15_70_30_30_9.txt,base,VI1+VI4,472.8706250811019,468.90500069372666,0.008386277719608978,104.62146401405334,2,104.65538597106934
r_15_70_30_30_9.txt,base,VI2+VI4,472.8706250811018,468.573931306737,0.00908640449727217,73.78497385978699,2,73.81308388710022
r_15_70_30_30_9.txt,base,VI3+VI4,481.36524270236293,476.6186615340953,0.009860664516657992,263.1995050907135,2,263.24682211875916
r_15_70_30_30_9.txt,base,All VI,481.36524270236293,477.39935024767556,0.008238842572893371,191.86615920066833,2,191.90734195709229
r_15_70_30_30_9.txt,lns,base,478.46628249266496,391.16301912465,0.1824648184469578,15.00368595123291,9,50.878819942474365
r_15_70_30_30_9.txt,ils,base,478.46628249266496,391.3209146667715,0.18213481495894002,15.002986907958984,9,55.80740404129028
r_15_70_30_70_1.txt,base,No VI,450.2865263505674,450.2865263505674,0.0,7.393263816833496,2,7.413531303405762
r_15_70_30_70_1.txt,base,VI1,450.28652635056744,447.66886835356337,0.0058133162860087755,0.599829912185669,2,0.6162698268890381
r_15_70_30_70_1.txt,base,VI2,450.2865263505674,450.2865263505674,0.0,7.832869052886963,2,7.849853992462158
r_15_70_30_70_1.txt,base,VI3,450.28652635056744,445.99971063007285,0.009520195408105808,5.8636579513549805,2,5.898142099380493
r_15_70_30_70_1.txt,base,VI4,450.2865263505674,450.2865263505674,0.0,4.042920112609863,2,4.060313701629639
r_15_70_30_70_1.txt,base,VI1+VI4,450.28652635056744,450.28652635056744,0.0,0.48520803451538086,2,0.5035591125488281
r_15_70_30_70_1.txt,base,VI2+VI4,450.2865263505674,450.2865263505674,0.0,4.092648983001709,2,4.110651016235352
r_15_70_30_70_1.txt,base,VI3+VI4,455.02832797167133,451.21656750002626,0.008376973997720822,8.888277053833008,2,8.908974885940552
r_15_70_30_70_1.txt,base,All VI,455.02832797167133,455.02832797167133,0.0,1.4718389511108398,2,1.490906000137329
r_15_70_30_70_1.txt,lns,base,450.2865263505674,450.2865263505674,0.0,7.617938041687012,2,21.23809003829956
r_15_70_30_70_1.txt,ils,base,450.2865263505674,450.2865263505674,0.0,8.094005107879639,2,20.06460690498352
r_15_70_30_70_10.txt,base,No VI,387.63711140412533,384.0546300950968,0.009241842959906061,131.31927490234375,2,131.35227179527283
r_15_70_30_70_10.txt,base,VI1,387.6371114041253,387.6371114041253,0.0,2.826997995376587,2,2.8466298580169678
r_15_70_30_70_10.txt,base,VI2,387.63711140412533,384.0546300950968,0.009241842959906061,388.2528681755066,2,388.28723192214966
r_15_70_30_70_10.txt,base,VI3,387.63711140412533,383.96144990461204,0.009482222912556197,114.1481990814209,2,114.18047094345093
r_15_70_30_70_10.txt,base,VI4,387.6371114041253,383.8216107199389,0.009842970582371737,141.0445761680603,2,141.08324718475342
r_15_70_30_70_10.txt,base,VI1+VI4,387.6371114041253,387.6371114041253,0.0,2.3077800273895264,2,2.327298879623413
r_15_70_30_70_10.txt,base,VI2+VI4,387.6371114041253,383.8216107199389,0.009842970582371737,147.87388706207275,2,147.91695713996887
r_15_70_30_70_10.txt,base,VI3+VI4,393.2694124203954,389.5182471277699,0.009538411008216416,199.2827410697937,2,199.32585096359253
r_15_70_30_70_10.txt,base,All VI,399.0654716454206,395.15875921403705,0.009789652848880769,8.09286880493164,2,8.114540100097656
r_15_70_30_70_10.txt,lns,base,387.6371114041253,387.6371114041253,0.0,8.061192989349365,2,54.8177227973938
r_15_70_30_70_10.txt,ils,base,387.6371114041253,386.2893110335215,0.003476964230080181,12.184080839157104,2,119.53109407424927
r_15_70_30_70_2.txt,base,No VI,439.9621912656568,439.9621912656568,0.0,25.857052087783813,2,25.878098011016846
r_15_70_30_70_2.txt,base,VI1,439.9621912656568,438.439718921439,0.0034604617724947237,28.78209686279297,2,28.805272817611694
r_15_70_30_70_2.txt,base,VI2,439.9621912656568,439.9621912656568,0.0,24.794501066207886,2,24.814528226852417
r_15_70_30_70_2.txt,base,VI3,439.96219126565677,435.61593311523154,0.009878708299734062,26.34342885017395,2,26.365998029708862
r_15_70_30_70_2.txt,base,VI4,439.9621912656568,439.9621912656568,0.0,5.077259063720703,2,5.096088171005249
r_15_70_30_70_2.txt,base,VI1+VI4,439.96219126565677,437.2427589974297,0.006181059014193882,15.909235954284668,2,15.933983087539673
r_15_70_30_70_2.txt,base,VI2+VI4,439.9621912656568,439.9621912656568,0.0,4.959099054336548,2,4.978796005249023
r_15_70_30_70_2.txt,base,VI3+VI4,448.8017081708768,448.1090809326887,0.0015432811987524432,18.973891019821167,2,18.997833967208862
r_15_70_30_70_2.txt,base,All VI,448.80170817087685,445.7064589076781,0.006896696707803676,25.429758071899414,2,25.453980207443237
r_15_70_30_70_2.txt,lns,base,439.96219126565677,439.96219126565677,0.0,0.11113715171813965,2,38.310935974121094
r_15_70_30_70_2.txt,ils,base,439.96219126565677,439.96219126565677,0.0,0.20272588729858398,2,25.90326189994812
r_15_70_30_70_3.txt,base,No VI,431.0890429271919,426.8163114335015,0.009911482473963128,11.885010957717896,2,11.903986930847168
r_15_70_30_70_3.txt,base,VI1,431.0890429271918,427.8400838411565,0.007536631095919647,6.299325942993164,2,6.319547891616821
r_15_70_30_70_3.txt,base,VI2,431.0890429271919,426.8163114335015,0.009911482473963128,11.731492042541504,2,11.753350257873535
r_15_70_30_70_3.txt,base,VI3,431.0890429271919,427.5636716817138,0.00817782614361993,12.957794189453125,2,12.981162071228027
r_15_70_30_70_3.txt,base,VI4,431.0890429271919,427.1672668198526,0.009097369027775618,6.360396146774292,2,6.380420923233032
r_15_70_30_70_3.txt,base,VI1+VI4,431.0890429271918,427.61548541478385,0.008057633496833368,3.536137104034424,2,3.5566437244415283
r_15_70_30_70_3.txt,base,VI2+VI4,431.0890429271919,427.1672668198526,0.009097369027775618,6.4147560596466064,2,6.43433690071106
r_15_70_30_70_3.txt,base,VI3+VI4,443.78682186870384,439.5329941158411,0.009585295333806084,14.159838914871216,2,14.180460929870605
r_15_70_30_70_3.txt,base,All VI,443.7868218687039,441.6762452769323,0.004755834305499045,9.876807928085327,2,9.898877143859863
r_15_70_30_70_3.txt,lns,base,431.0890429271918,431.0890429271918,0.0,0.34014105796813965,2,18.45641779899597
r_15_70_30_70_3.txt,ils,base,431.0890429271918,431.0890429271918,0.0,6.252468109130859,2,56.5209641456604
r_15_70_30_70_4.txt,base,No VI,420.2579375555367,417.2584278000973,0.007137306609570073,4.037008047103882,2,4.055222988128662
r_15_70_30_70_4.txt,base,VI1,420.2579375555367,420.2579375555367,0.0,3.772886037826538,2,3.792975664138794
r_15_70_30_70_4.txt,base,VI2,420.2579375555367,417.2584278000973,0.007137306609570073,4.05778694152832,2,4.078190803527832
r_15_70_30_70_4.txt,base,VI3,420.2579375555367,420.2579375555367,0.0,4.478409051895142,2,4.49837589263916
r_15_70_30_70_4.txt,base,VI4,420.2579269774609,418.17870414566136,0.004947492238286924,3.382765054702759,2,3.4027278423309326
r_15_70_30_70_4.txt,base,VI1+VI4,420.2579375555367,417.92322859508306,0.005555419069616354,2.6087818145751953,2,2.6292011737823486
r_15_70_30_70_4.txt,base,VI2+VI4,420.2579269774609,418.17870414566136,0.004947492238286924,3.5805158615112305,2,3.600719928741455
r_15_70_30_70_4.txt,base,VI3+VI4,429.58201779014365,425.3055021332539,0.009955062083112755,5.027152061462402,2,5.047214984893799
r_15_70_30_70_4.txt,base,All VI,429.58201779014365,429.58201779014365,0.0,5.7654829025268555,2,5.787239074707031
r_15_70_30_70_4.txt,lns,base,420.2579375555367,417.2584278000973,0.007137306609570073,4.975420951843262,2,7.291032075881958
r_15_70_30_70_4.txt,ils,base,420.2579375555367,417.2584278000973,0.007137306609570073,5.159132957458496,2,7.216480016708374
r_15_70_30_70_5.txt,base,No VI,488.33503838154,483.69556798890926,0.009500588792495985,20.556003093719482,2,20.579787969589233
r_15_70_30_70_5.txt,base,VI1,488.33503838154,488.33503838154,0.0,2.303881883621216,2,2.3234167098999023
r_15_70_30_70_5.txt,base,VI2,488.33503838154,483.69556798890926,0.009500588792495985,20.565206050872803,2,20.586565017700195
r_15_70_30_70_5.txt,base,VI3,488.33503838154,484.61974834888963,0.007608075891838016,10.562238216400146,2,10.583269119262695
r_15_70_30_70_5.txt,base,VI4,488.33503838154,488.33503838154,0.0,16.91186285018921,2,16.93416404724121
r_15_70_30_70_5.txt,base,VI1+VI4,488.33503838154,488.33503838154,0.0,2.2240419387817383,2,2.2460711002349854
r_15_70_30_70_5.txt,base,VI2+VI4,488.33503838154,488.33503838154,0.0,17.0619900226593,2,17.082710027694702
r_15_70_30_70_5.txt,base,VI3+VI4,516.5775575077082,511.9150992483082,0.009025669411374768,29.921100854873657,2,29.94623899459839
r_15_70_30_70_5.txt,base,All VI,516.5775575077082,511.5466634564995,0.00973889395327365,7.7301270961761475,2,7.755299091339111
r_15_70_30_70_5.txt,lns,base,488.33503838154,488.33503838154,0.0,0.19953703880310059,2,25.76250410079956
r_15_70_30_70_5.txt,ils,base,488.33503838154,488.33503838154,0.0,0.2682938575744629,2,32.40707612037659
r_15_70_30_70_6.txt,base,No VI,450.69965495646466,450.69965495646466,0.0,1.7679200172424316,2,1.7866060733795166
r_15_70_30_70_6.txt,base,VI1,450.69965495646477,450.69965495646477,0.0,1.4912219047546387,2,1.5105910301208496
r_15_70_30_70_6.txt,base,VI2,450.69965495646466,450.69965495646466,0.0,1.787688970565796,2,1.8075966835021973
r_15_70_30_70_6.txt,base,VI3,450.6996549564647,448.19607329737,0.0055548781357211245,3.2763750553131104,2,3.2958102226257324
r_15_70_30_70_6.txt,base,VI4,450.6996549564647,446.8373398383316,0.008569598568932068,1.7143149375915527,2,1.7353322505950928
r_15_70_30_70_6.txt,base,VI1+VI4,450.6996549564647,450.6996549564647,0.0,1.7913620471954346,2,1.8114047050476074
r_15_70_30_70_6.txt,base,VI2+VI4,450.6996549564647,446.8373398383316,0.008569598568932068,1.7226781845092773,2,1.7422027587890625
r_15_70_30_70_6.txt,base,VI3+VI4,459.05930786416883,454.5875578105571,0.009741116184784755,3.309195041656494,2,3.3298180103302
r_15_70_30_70_6.txt,base,All VI,460.03863340943275,456.62536190456814,0.007419532310945744,4.450946092605591,2,4.4728052616119385
r_15_70_30_70_6.txt,lns,base,450.69965495646466,450.69965495646466,0.0,2.0967400074005127,2,7.258806943893433
r_15_70_30_70_6.txt,ils,base,450.69965495646466,450.69965495646466,0.0,2.1041810512542725,2,8.172748804092407
r_15_70_30_70_7.txt,base,No VI,413.52353064391866,410.2028930820495,0.008030105461467726,2.9485480785369873,2,2.9673030376434326
r_15_70_30_70_7.txt,base,VI1,424.2479469129992,424.2479469129992,0.0,1.5734889507293701,2,1.5950980186462402
r_15_70_30_70_7.txt,base,VI2,413.52353064391866,410.2028930820495,0.008030105461467726,2.881021022796631,2,2.9010050296783447
r_15_70_30_70_7.txt,base,VI3,413.5235306439186,413.5235306439186,0.0,2.618752956390381,2,2.6392226219177246
r_15_70_30_70_7.txt,base,VI4,413.52353064391866,413.52353064391866,0.0,1.5920400619506836,2,1.612778902053833
r_15_70_30_70_7.txt,base,VI1+VI4,424.2479469129993,424.2479469129993,0.0,1.0857300758361816,2,1.1060340404510498
r_15_70_30_70_7.txt,base,VI2+VI4,413.52353064391866,413.52353064391866,0.0,1.5737831592559814,2,1.5931463241577148
r_15_70_30_70_7.txt,base,VI3+VI4,451.72536303669534,449.04460716138607,0.005934481644528571,11.44052004814148,2,11.460744142532349
r_15_70_30_70_7.txt,base,All VI,455.74402342885037,455.74402342885037,0.0,3.5480029582977295,2,3.570168972015381
r_15_70_30_70_7.txt,lns,base,413.5235306439186,413.5235306439186,0.0,0.05740714073181152,2,5.731256008148193
r_15_70_30_70_7.txt,ils,base,413.5235306439186,413.5235306439186,0.0,0.27677488327026367,2,15.64274787902832
r_15_70_30_70_8.txt,base,No VI,443.85951426477607,439.76525355181633,0.009224226543260225,40.881704807281494,2,40.90328407287598
r_15_70_30_70_8.txt,base,VI1,451.21252821532926,448.58081712562245,0.005832531069374247,0.6890301704406738,2,0.7094142436981201
r_15_70_30_70_8.txt,base,VI2,443.85951426477607,439.76525355181633,0.009224226543260225,41.640480041503906,2,41.66346287727356
r_15_70_30_70_8.txt,base,VI3,443.8595142647762,440.1427154215444,0.008373818119880635,38.29993200302124,2,38.3242621421814
r_15_70_30_70_8.txt,base,VI4,443.8595142647762,440.0489739722557,0.008585014334619834,33.644421100616455,2,33.667582988739014
r_15_70_30_70_8.txt,base,VI1+VI4,451.21252821532926,451.21252821532926,0.0,0.8120529651641846,2,0.8321352005004883
r_15_70_30_70_8.txt,base,VI2+VI4,443.8595142647762,440.0489739722557,0.008585014334619834,34.13216304779053,2,34.15391707420349
r_15_70_30_70_8.txt,base,VI3+VI4,468.3122234663088,465.37824924017235,0.0062649960413590005,79.78352284431458,2,79.8079628944397
r_15_70_30_70_8.txt,base,All VI,472.43913857873054,472.43913857873054,0.0,1.8016510009765625,2,1.8223798274993896
r_15_70_30_70_8.txt,lns,base,443.85951426477607,399.67693578446375,0.09954180784768765,15.00479793548584,9,34.34721493721008
r_15_70_30_70_8.txt,ils,base,443.85951426477607,395.6457802116213,0.10862386071191386,15.005351066589355,9,35.265053033828735
r_15_70_30_70_9.txt,base,No VI,472.8706250811019,468.46006170581467,0.009327209476229902,240.343003988266,2,240.38361120224
r_15_70_30_70_9.txt,base,VI1,472.8705562713385,468.79490023808046,0.008618967662937729,189.02107286453247,2,189.05722498893738
r_15_70_30_70_9.txt,base,VI2,472.8706250811019,468.46006170581467,0.009327209476229902,244.71469688415527,2,244.75573778152466
r_15_70_30_70_9.txt,base,VI3,472.8706250811019,468.3048737235121,0.009655392226587749,195.79456996917725,2,195.83206701278687
r_15_70_30_70_9.txt,base,VI4,472.8706250811019,468.7676532893499,0.00867673222680791,120.28317999839783,2,120.31326818466187
r_15_70_30_70_9.txt,base,VI1+VI4,472.8706250811018,469.03560939026755,0.008110073849853808,107.00675415992737,2,107.04331398010254
r_15_70_30_70_9.txt,base,VI2+VI4,472.8706250811019,468.7676532893499,0.00867673222680791,118.42062020301819,2,118.45241332054138
r_15_70_30_70_9.txt,base,VI3+VI4,480.52611644435797,476.7757197186623,0.00780477188929221,120.26005291938782,2,120.29067587852478
r_15_70_30_70_9.txt,base,All VI,480.52611644435797,475.7804062374975,0.009876071340255605,150.97345113754272,2,151.00739002227783
r_15_70_30_70_9.txt,lns,base,480.2571587627955,391.37763491739514,0.18506652576375016,15.002810001373291,9,50.85654020309448
r_15_70_30_70_9.txt,ils,base,472.8706250811019,472.8706250811019,0.0,4.984827041625977,2,132.05436086654663
r_25_70_30_1.txt,base,No VI,808.582393435169,542.0170207093524,0.32967001865245216,600.1429998874664,9,601.2218050956726
r_25_70_30_1.txt,base,VI1,832.0802655702907,554.3937372132696,0.33372565105446955,600.1790001392365,9,602.344598531723
r_25_70_30_1.txt,base,VI2,828.8183696748603,562.0674844313296,0.32184480340146804,600.2030000686646,9,602.2344863414764
r_25_70_30_1.txt,base,VI3,793.2207555259254,541.6897569889612,0.3171008786453057,600.2019999027252,9,601.5925042629242
r_25_70_30_1.txt,base,VI4,804.2860651815837,537.6932796955059,0.3314651304146232,600.7359998226166,9,602.2842900753021
r_25_70_30_1.txt,base,VI1+VI4,801.4103816425408,554.1145617736503,0.30857576284704746,600.1689999103546,9,601.4205486774445
r_25_70_30_1.txt,base,VI2+VI4,792.0576433490423,555.4911578680511,0.29867331938206115,600.1210000514984,9,601.5402684211731
r_25_70_30_1.txt,base,VI3+VI4,837.2471224264605,542.1459092543954,0.35246608231607895,600.3340001106262,9,601.3473560810089
r_25_70_30_1.txt,base,All VI,813.4035606902578,562.6807791078232,0.30823910012106426,600.180999994278,9,601.0908498764038
r_25_70_30_1.txt,lns,base,787.4930276885206,780.9594125281305,0.008296727628900701,0.1655421257019043,2,55.07200074195862
r_25_70_30_1.txt,ils,base,787.4930276885204,786.9159389574819,0.0007328175752011877,0.012647151947021484,2,170.41048097610474
r_25_70_30_70_1.txt,base,No VI,726.8073124966027,519.8999561592717,0.28467979446519137,600.2509999275208,9,601.0112888813019
r_25_70_30_70_1.txt,base,VI1,747.7888933686035,530.0528999581736,0.29117307751066374,600.2389998435974,9,601.3725354671478
r_25_70_30_70_1.txt,base,VI2,726.8073124966027,519.8526047584718,0.2847449443336445,600.175999879837,9,600.98561835289
r_25_70_30_70_1.txt,base,VI3,779.477318336651,524.2115507763903,0.32748325263008254,600.2630000114441,9,601.3563449382782
r_25_70_30_70_1.txt,base,VI4,746.0841650050288,519.7614419946427,0.30334744205281533,600.3339998722076,9,601.5369825363159
r_25_70_30_70_1.txt,base,VI1+VI4,739.695118327012,520.8589541918572,0.2958464355288735,600.2190001010895,9,601.3040995597839
r_25_70_30_70_1.txt,base,VI2+VI4,746.0841650050288,519.6084685615741,0.303552477141675,600.3880000114441,9,601.2701170444489
r_25_70_30_70_1.txt,base,VI3+VI4,783.1107806732462,508.91278208423364,0.3501394762478975,600.2019999027252,9,601.1682703495026
r_25_70_30_70_1.txt,base,All VI,762.1779811053884,523.9006640669784,0.31262687055434996,600.1770000457764,9,601.3138341903687
r_25_70_30_70_1.txt,lns,base,720.7111072730768,720.7111072730767,0.0,1.0190620422363281,2,257.63887882232666
r_25_70_30_70_1.txt,ils,base,730.7310920220789,690.4041014900175,0.05518718304495368,15.00356912612915,9,324.6985569000244
r_25_70_30_70_2.txt,base,No VI,715.281340418975,554.8195317065212,0.22433383851235875,600.2769999504089,9,600.9755878448486
r_25_70_30_70_2.txt,base,VI1,741.7829670259134,585.9538321814424,0.21007375711152892,600.2909998893738,9,601.249675989151
r_25_70_30_70_2.txt,base,VI2,715.281340418975,554.681087994243,0.22452738992276897,600.0830001831055,9,600.8343739509583
r_25_70_30_70_2.txt,base,VI3,733.1413408710025,555.5012856458745,0.24229987496556146,600.1210000514984,9,601.0927362442017
r_25_70_30_70_2.txt,base,VI4,751.9928752407907,549.3614258367055,0.26945926760170685,600.5350000858307,9,601.2903299331665
r_25_70_30_70_2.txt,base,VI1+VI4,761.6181034448126,582.0232952545142,0.23580690555803205,600.2300000190735,9,601.083728313446
r_25_70_30_70_2.txt,base,VI2+VI4,751.9928752407907,549.4664948517485,0.26931954684303694,600.1440000534058,9,601.0847177505493
r_25_70_30_70_2.txt,base,VI3+VI4,750.3878143753773,554.006816887082,0.26170600551631135,600.1259999275208,9,601.1663720607758
r_25_70_30_70_2.txt,base,All VI,763.209649811906,580.5720692649971,0.23930198025132435,600.4829998016357,9,601.1540834903717
r_25_70_30_70_2.txt,lns,base,714.1107958651178,713.362783838578,0.0010474733484928857,0.08315801620483398,2,89.12048387527466
r_25_70_30_70_2.txt,ils,base,713.430654017282,706.996147615461,0.00901910559293838,0.30001306533813477,2,90.37650799751282
r_25_70_30_70_3.txt,base,No VI,718.410455191117,604.4571007792719,0.15861873054385098,600.0840001106262,9,601.0652322769165
r_25_70_30_70_3.txt,base,VI1,706.7675844244943,603.946844598066,0.14548027115611564,600.6019999980927,9,601.3691956996918
r_25_70_30_70_3.txt,base,VI2,718.410455191117,603.6484075091464,0.15974440078470278,600.1770000457764,9,601.1350994110107
r_25_70_30_70_3.txt,base,VI3,732.5086359954687,605.6830706175114,0.17313866232526148,600.1779999732971,9,601.0195469856262
r_25_70_30_70_3.txt,base,VI4,695.6068710077868,606.7166940225221,0.12778795134165608,600.3650000095367,9,601.5270659923553
r_25_70_30_70_3.txt,base,VI1+VI4,743.6886698644191,597.6183893285165,0.19641321221490773,600.1689999103546,9,601.7975630760193
r_25_70_30_70_3.txt,base,VI2+VI4,695.6068710077868,606.8689336684229,0.1275690925979519,600.2000000476837,9,601.7385761737823
r_25_70_30_70_3.txt,base,VI3+VI4,766.575424343275,589.6468268962569,0.2308038998231554,600.143000125885,9,601.2003171443939
r_25_70_30_70_3.txt,base,All VI,769.4949797473979,603.2285499328887,0.21607214366634273,600.2440001964569,9,601.0675971508026
r_25_70_30_70_3.txt,lns,base,695.6068689241916,694.1863104731632,0.002042185772583666,1.1884691715240479,2,57.75551414489746
r_25_70_30_70_3.txt,ils,base,695.6068710077868,689.1437248525971,0.009291377679789188,0.6482589244842529,2,96.28251791000366
r_25_70_30_70_4.txt,base,No VI,650.5450413992855,512.1039720433635,0.21280781582493224,600.2550001144409,9,601.449384689331
r_25_70_30_70_4.txt,base,VI1,683.659042382888,529.4021979221235,0.22563417566028746,600.0709998607635,9,601.0776855945587
r_25_70_30_70_4.txt,base,VI2,650.5450413992855,512.0749496343881,0.2128524282762284,600.4579999446869,9,601.225213766098
r_25_70_30_70_4.txt,base,VI3,672.8950854471256,506.03191854268937,0.24797798425524076,600.3580000400543,9,600.9271309375763
r_25_70_30_70_4.txt,base,VI4,672.8379177302228,503.6188269426263,0.2515005268407682,600.5859999656677,9,601.4749300479889
r_25_70_30_70_4.txt,base,VI1+VI4,698.3487920491342,514.7820213837547,0.26285829195286153,600.5239999294281,9,601.8566479682922
r_25_70_30_70_4.txt,base,VI2+VI4,672.8379177302228,503.79471276912415,0.2512391179310397,600.5039999485016,9,601.3386647701263
r_25_70_30_70_4.txt,base,VI3+VI4,660.9178299352279,504.35492642718265,0.2368870930950508,600.1349999904633,9,600.9153900146484
r_25_70_30_70_4.txt,base,All VI,668.3491221687575,532.4982107478413,0.20326339470617868,600.3710000514984,9,601.0908215045929
r_25_70_30_70_4.txt,lns,base,650.5450413992853,644.9273110972341,0.008635420984791125,11.70753002166748,2,92.69329881668091
r_25_70_30_70_4.txt,ils,base,650.5450413992853,650.5450413992853,0.0,0.8696730136871338,2,100.71392822265625
r_25_70_30_70_5.txt,base,No VI,734.4658598326436,649.5343950941713,0.11563704915817993,600.2760000228882,9,601.1159722805023
r_25_70_30_70_5.txt,base,VI1,792.6412024341226,643.576946934327,0.1880601904645306,600.239000082016,9,601.022292137146
r_25_70_30_70_5.txt,base,VI2,734.4658598326436,649.5463841892774,0.11562072560148133,600.2559998035431,9,601.0896010398865
r_25_70_30_70_5.txt,base,VI3,735.7365082128047,652.8693775096543,0.11263153286282461,600.2910001277924,9,601.1147825717926
r_25_70_30_70_5.txt,base,VI4,732.2842071530446,645.2247833341414,0.11888747970869194,600.404000043869,9,601.3390431404114
r_25_70_30_70_5.txt,base,VI1+VI4,767.2462023314398,634.988968673422,0.17237913104832084,600.3519999980927,9,601.5814003944397
r_25_70_30_70_5.txt,base,VI2+VI4,732.2842071530446,643.8680457110567,0.12074022705710119,600.4509999752045,9,601.2247633934021
r_25_70_30_70_5.txt,base,VI3+VI4,794.3597336107301,643.1626965631186,0.19033824431199636,600.3940000534058,9,601.2899649143219
r_25_70_30_70_5.txt,base,All VI,784.0245345433257,635.2983182757682,0.18969587010971115,600.6690001487732,9,601.4861228466034
r_25_70_30_70_5.txt,lns,base,732.284186989176,732.284186989176,0.0,0.06227684020996094,2,25.32331871986389
r_25_70_30_70_5.txt,ils,base,739.3417168119915,709.740674991568,0.040037023675685374,15.004709005355835,9,187.68426966667175
r_25_70_30_70_6.txt,base,No VI,751.1287421363179,688.2096751278905,0.08376602235919846,600.1349999904633,9,601.4560549259186
r_25_70_30_70_6.txt,base,VI1,751.128742136318,702.3174626350835,0.0649839059046099,600.2149999141693,9,601.4515023231506
r_25_70_30_70_6.txt,base,VI2,751.1287421363179,689.042655548743,0.08265705078864793,600.1010000705719,9,601.2456419467926
r_25_70_30_70_6.txt,base,VI3,793.7160389493937,687.1576029960822,0.13425259251955912,600.079999923706,9,600.8011372089386
r_25_70_30_70_6.txt,base,VI4,751.5578944436762,680.2680986960391,0.0948560267607963,600.2020001411438,9,601.1723198890686
r_25_70_30_70_6.txt,base,VI1+VI4,784.951591544458,696.0605267321574,0.11324400863676184,600.4079999923706,9,601.3531763553619
r_25_70_30_70_6.txt,base,VI2+VI4,751.5578944436762,680.5685658804512,0.09445623429419674,600.2079999446869,9,601.7465288639069
r_25_70_30_70_6.txt,base,VI3+VI4,791.4789371823956,679.8426012992504,0.14104776594632068,600.1740000247955,9,601.3356275558472
r_25_70_30_70_6.txt,base,All VI,813.3255690507808,694.9242317180235,0.14557680446582,600.2780001163483,9,601.1790664196014
r_25_70_30_70_6.txt,lns,base,751.128742136318,745.2840589428157,0.007781200299803716,0.605705976486206,2,26.248931884765625
r_25_70_30_70_6.txt,ils,base,751.128742136318,745.5926697740769,0.007370337535607774,0.6469259262084961,2,63.094024896621704
r_25_70_30_70_7.txt,base,No VI,744.0598934836756,679.3897929743545,0.08691518125850982,600.1920001506805,9,601.4001266956329
r_25_70_30_70_7.txt,base,VI1,749.5728002670393,680.0968083236328,0.09268745066343828,600.114000082016,9,601.1181676387787
r_25_70_30_70_7.txt,base,VI2,744.0598934836756,679.6985308279301,0.08650024442845153,600.1719999313354,9,601.1928389072418
r_25_70_30_70_7.txt,base,VI3,747.4214023066977,678.2148500666771,0.0925937523683893,600.1630001068115,9,601.0956363677979
r_25_70_30_70_7.txt,base,VI4,757.5967769388109,672.1991889268938,0.11272168864944151,600.1579999923706,9,600.6426024436951
r_25_70_30_70_7.txt,base,VI1+VI4,747.9603125460892,675.6214076754507,0.09671489737790202,602.6670000553131,9,603.8374147415161
r_25_70_30_70_7.txt,base,VI2+VI4,757.5967769388109,671.3504179669087,0.11384203523197943,600.7519998550415,9,602.1603269577026
r_25_70_30_70_7.txt,base,VI3+VI4,742.8672090060948,678.8942555693912,0.0861162703927865,600.135999917984,9,601.5512766838074
r_25_70_30_70_7.txt,base,All VI,762.2935683634278,672.4827055604653,0.11781663460151957,600.3810000419617,9,602.083343744278
r_25_70_30_70_7.txt,lns,base,739.6689507292434,732.4060375534161,0.009819140263582445,9.732080936431885,2,92.80926060676575
r_25_70_30_70_7.txt,ils,base,753.5465108062406,753.5465108062406,0.0,0.0862739086151123,2,86.46191883087158
r_25_70_30_70_8.txt,base,No VI,757.504071890044,613.7444738326577,0.18978062744757598,600.2090001106262,9,600.8184413909912
r_25_70_30_70_8.txt,base,VI1,741.8034337880096,619.168733651474,0.1653196716956446,600.3049998283386,9,601.1723921298981
r_25_70_30_70_8.txt,base,VI2,757.504071890044,613.6087635396925,0.18995978198680716,600.2259998321533,9,601.314611196518
r_25_70_30_70_8.txt,base,VI3,732.5230674975423,612.8276174914275,0.16340161193151284,600.143000125885,9,600.9720294475555
r_25_70_30_70_8.txt,base,VI4,735.2374688646606,613.6507455403245,0.16537068426625212,600.3359999656677,9,601.1728761196136
r_25_70_30_70_8.txt,base,VI1+VI4,772.4920004879481,587.3865228220192,0.23962122267804223,600.6229999065399,9,601.5045959949493
r_25_70_30_70_8.txt,base,VI2+VI4,735.2374688646606,613.2210656717624,0.1659550939117855,600.1640000343323,9,600.9968020915985
r_25_70_30_70_8.txt,base,VI3+VI4,775.9337740456909,610.2566263098133,0.21351970139415752,600.0709998607635,9,601.0123240947723
r_25_70_30_70_8.txt,base,All VI,765.309182100287,604.555122819034,0.2100511310214329,600.1240000724792,9,601.2858374118805
r_25_70_30_70_8.txt,lns,base,728.6010770421437,690.4297039421638,0.05238994876996602,15.006038904190063,9,63.50717210769653
r_25_70_30_70_8.txt,ils,base,728.6010770421436,724.2764072089893,0.00593557979726148,0.5763590335845947,2,53.560680866241455
r_25_70_30_70_9.txt,base,No VI,749.5048282291532,626.9774594216224,0.16347775783783125,600.3729999065399,9,601.5476908683777
r_25_70_30_70_9.txt,base,VI1,772.453073686096,659.1222757504772,0.14671544692651883,600.3359999656677,9,601.1493849754333
r_25_70_30_70_9.txt,base,VI2,749.5048282291532,626.9034592279022,0.163576489948597,600.3269999027252,9,601.8616116046906
r_25_70_30_70_9.txt,base,VI3,742.8254474587583,632.8316720516398,0.14807486170999193,600.4840002059937,9,601.8570873737335
r_25_70_30_70_9.txt,base,VI4,742.8254474587582,622.4782569414298,0.16201274596749743,600.3870000839233,9,601.4463624954224
r_25_70_30_70_9.txt,base,VI1+VI4,754.8811277948349,658.8762314058572,0.12717882704185232,600.2649998664856,9,601.4858100414276
r_25_70_30_70_9.txt,base,VI2+VI4,742.8254474587582,622.3241925219328,0.16222014922760927,600.1760001182556,9,601.4917547702789
r_25_70_30_70_9.txt,base,VI3+VI4,792.6955893995919,622.8191968982283,0.21430217951639216,600.162999868393,9,601.4911215305328
r_25_70_30_70_9.txt,base,All VI,767.5374337351493,650.1878137169292,0.1528910706636797,600.3670001029968,9,601.3315300941467
r_25_70_30_70_9.txt,lns,base,765.8716770045302,765.87167700453,0.0,0.47698402404785156,2,30.14684796333313
r_25_70_30_70_9.txt,ils,base,764.5408591326492,757.7731048111694,0.008852050535477692,0.10828614234924316,2,34.70387887954712
r_25_70_30_70_10.txt,base,No VI,770.256338625315,646.7051319379407,0.16040271334589412,600.3140001296997,9,601.3856477737427
r_25_70_30_70_10.txt,base,VI1,751.4917409778402,650.4410192338257,0.13446684272607892,600.1970000267029,9,600.9373834133148
r_25_70_30_70_10.txt,base,VI2,770.256338625315,645.3425155946439,0.16217175603333064,600.2530000209808,9,601.171336889267
r_25_70_30_70_10.txt,base,VI3,732.8427605354663,644.3079449730535,0.1208101114319844,600.0950000286102,9,601.3073351383209
r_25_70_30_70_10.txt,base,VI4,771.9946240881147,637.9050971888472,0.17369230654637652,600.683000087738,9,601.7409601211548
r_25_70_30_70_10.txt,base,VI1+VI4,737.143984929542,651.0237319079023,0.11682962186806861,600.2909998893738,9,601.4412279129028
r_25_70_30_70_10.txt,base,VI2+VI4,771.9946240881147,638.075680443049,0.17347134224315575,600.2259998321533,9,601.2608814239502
r_25_70_30_70_10.txt,base,VI3+VI4,777.554588321759,641.0963698458622,0.17549664104024182,600.4639999866486,9,601.6091079711914
r_25_70_30_70_10.txt,base,All VI,779.592652144309,650.581101619679,0.16548584721748882,600.2549998760223,9,601.231871843338
r_25_70_30_70_10.txt,lns,base,737.8116890327383,729.1507098842825,0.011738739406270762,15.008543968200684,9,88.29301881790161
r_25_70_30_70_10.txt,ils,base,736.0528155844429,731.5207356793071,0.006157275414451356,7.960181951522827,2,175.37424516677856
r_25_70_30_70_6navi.txt,base,No VI,708.747699335963,469.1951418570197,0.33799412358358827,600.0122768878937,9,600.4500949382782
r_25_70_30_70_6navi.txt,base,VI1,700.533044411692,473.39106511315674,0.32424163443894244,600.0088307857513,9,600.3944230079651
r_25_70_30_70_6navi.txt,base,VI2,685.4745620137871,469.71228006525337,0.3147633681907427,600.016282081604,9,600.5189769268036
r_25_70_30_70_6navi.txt,base,VI3,701.7113267824328,458.43433260480487,0.34669098943169335,600.0123789310455,9,600.3553810119629
r_25_70_30_70_6navi.txt,base,VI4,683.1765617908046,470.2541251866429,0.3116653124721229,600.0155048370361,9,600.481036901474
r_25_70_30_70_6navi.txt,base,VI1+VI4,719.6489409609289,472.93711174640447,0.3428224724198113,600.0162088871002,9,600.4301581382751
r_25_70_30_70_6navi.txt,base,VI2+VI4,689.7659592271887,476.18601116550917,0.3096411836573868,600.010183095932,9,600.4098138809204
r_25_70_30_70_6navi.txt,base,VI3+VI4,700.0126176802486,461.38675013828384,0.34088795189541016,600.0127611160278,9,600.4984748363495
r_25_70_30_70_6navi.txt,base,All VI,716.3842902068575,465.9553371507923,0.34957348518035386,600.0156998634338,9,600.4814829826355
r_25_70_30_70_6navi.txt,lns,base,696.3895031863917,696.3895031863916,0.0,3.95790696144104,2,105.8884789943695
r_25_70_30_70_6navi.txt,ils,base,686.196794137283,680.479539882897,0.008331799715814625,0.9306459426879883,2,174.60413002967834
r_25_70_30_70_6navi_1.txt,base,No VI,694.7124823922871,472.05462337637573,0.3205036107155794,600.0120010375977,9,600.4723229408264
r_25_70_30_70_6navi_1.txt,base,VI1,700.533044411692,474.9007530243669,0.32208657848083555,600.0105199813843,9,600.4070978164673
r_25_70_30_70_6navi_1.txt,base,VI2,685.4745620137871,471.08559145969065,0.3127599220082866,600.0088350772858,9,600.5248939990997
r_25_70_30_70_6navi_1.txt,base,VI3,701.7113267824328,459.44736319892127,0.345247332253233,600.0097529888153,9,600.3664660453796
r_25_70_30_70_6navi_1.txt,base,VI4,683.1765617908046,471.2979317822927,0.3101374400976467,600.0144598484039,9,600.4906489849091
r_25_70_30_70_6navi_1.txt,base,VI1+VI4,719.6489409609289,473.9989830096098,0.34134693177385766,600.0241389274597,9,600.4240581989288
r_25_70_30_70_6navi_1.txt,base,VI2+VI4,689.7659592271887,477.0418839747584,0.30840036740978866,600.0120511054993,9,600.447704076767
r_25_70_30_70_6navi_1.txt,base,VI3+VI4,700.0126176802486,462.45820820268654,0.33935732510763406,600.0102050304413,9,600.5212099552155
r_25_70_30_70_6navi_1.txt,base,All VI,716.3842902068575,466.9214873836527,0.3482248371906256,600.0177960395813,9,600.4972159862518
r_25_70_30_70_6navi_1.txt,lns,base,691.7807573720593,686.030240067894,0.008312629749937411,10.10225510597229,2,298.53908705711365
r_25_70_30_70_6navi_1.txt,ils,base,683.1765620139928,683.1765620139928,0.0,3.380837917327881,2,355.5628607273102
r_25_70_30_70_6navi_2.txt,base,No VI,694.8066470986753,478.05571321023206,0.3119586359651804,600.0091309547424,9,600.4091472625732
r_25_70_30_70_6navi_2.txt,base,VI1,695.9333361954119,523.5610112870925,0.24768510997139362,600.0198600292206,9,600.4719970226288
r_25_70_30_70_6navi_2.txt,base,VI2,699.0706538573313,478.5198063846418,0.31549149754139194,600.0152289867401,9,600.419930934906
r_25_70_30_70_6navi_2.txt,base,VI3,687.7318731809039,475.71800450918573,0.3082798354118875,600.0139570236206,9,600.3572468757629
r_25_70_30_70_6navi_2.txt,base,VI4,679.7258841443396,476.9783886358986,0.2982783210671254,600.0241329669952,9,600.4037311077118
r_25_70_30_70_6navi_2.txt,base,VI1+VI4,685.7118953240588,517.9890902873008,0.2445966100055685,600.0212619304657,9,600.342894077301
r_25_70_30_70_6navi_2.txt,base,VI2+VI4,684.7955922273477,485.8380952596356,0.2905355981053971,600.0192770957947,9,600.3915910720825
r_25_70_30_70_6navi_2.txt,base,VI3+VI4,694.6005555940095,481.89768917818657,0.3062232886265451,600.0231399536133,9,600.4525249004364
r_25_70_30_70_6navi_2.txt,base,All VI,733.5030276352356,525.1670133992403,0.28402884021850133,600.0207250118256,9,600.5278470516205
r_25_70_30_70_6navi_2.txt,lns,base,679.2424461208435,679.2424461208435,0.0,0.9382948875427246,2,42.268646001815796
r_25_70_30_70_6navi_2.txt,ils,base,679.2424460446416,598.0083687191294,0.11959511334804493,15.004794836044312,9,142.69172310829163
r_25_70_30_70_6navi_3.txt,base,No VI,705.1294925147912,546.6924697314035,0.22469209480706012,600.0076479911804,9,600.4031710624695
r_25_70_30_70_6navi_3.txt,base,VI1,689.181855624525,542.0189899423494,0.2135327047297539,600.0099499225616,9,600.326308965683
r_25_70_30_70_6navi_3.txt,base,VI2,714.9304672138394,540.8296083641661,0.2435213868114517,600.0137701034546,9,600.3821060657501
r_25_70_30_70_6navi_3.txt,base,VI3,680.6129330744072,541.1879001781354,0.20485216504257847,600.0142269134521,9,600.3357450962067
r_25_70_30_70_6navi_3.txt,base,VI4,707.7572918386855,536.0752956218897,0.24257185082584237,1232.173730134964,9,1232.4343979358673
r_25_70_30_70_6navi_3.txt,base,VI1+VI4,730.9465572876653,480.36982674288106,0.34281128770152935,1030.3531460762024,9,1030.4410769939423
r_25_70_30_70_6navi_3.txt,base,VI2+VI4,726.9477188895978,478.3868633821378,0.3419239775415117,962.0005989074707,9,962.07909989357
r_25_70_30_70_6navi_3.txt,base,VI3+VI4,746.9788776692258,482.3764350978526,0.35423015359818966,1015.8249509334564,9,1015.9113430976868
r_25_70_30_70_6navi_3.txt,base,All VI,707.5321453481724,484.4632130980229,0.31527745236278787,1040.9783630371094,9,1041.072513103485
r_25_70_30_70_6navi_3.txt,lns,base,705.1294925147912,705.1294925147911,0.0,2.574713945388794,2,27.98601984977722
r_25_70_30_70_6navi_3.txt,ils,base,673.1262800210657,673.1262800210657,0.0,13.26839303970337,2,149.4071969985962
r_25_70_30_70_6navi_4.txt,base,No VI,631.5142953119454,454.9358221539108,0.27961120511264304,600.0112810134888,9,600.462968826294
r_25_70_30_70_6navi_4.txt,base,VI1,635.6278565638934,463.1798669885382,0.27130338576975294,600.0102319717407,9,600.3447241783142
r_25_70_30_70_6navi_4.txt,base,VI2,626.1401625568365,453.9333222598048,0.2750292196460085,600.0116920471191,9,600.4407732486725
r_25_70_30_70_6navi_4.txt,base,VI3,631.3297462910859,451.1367405976472,0.28541820934627327,600.0143151283264,9,600.3304359912872
r_25_70_30_70_6navi_4.txt,base,VI4,616.7978143930565,450.8595961749357,0.26903178699069785,600.0170528888702,9,600.4619572162628
r_25_70_30_70_6navi_4.txt,base,VI1+VI4,635.9284485435369,456.63357854465266,0.28194189206273473,600.0237510204315,9,600.2801909446716
r_25_70_30_70_6navi_4.txt,base,VI2+VI4,612.2581803993537,459.2909810140375,0.24984100544894516,600.0123000144958,9,600.4246718883514
r_25_70_30_70_6navi_4.txt,base,VI3+VI4,637.3273171557205,451.3322257975377,0.29183605715858235,600.0191929340363,9,600.3862202167511
r_25_70_30_70_6navi_4.txt,base,All VI,611.3256673612577,468.0419731469374,0.2343819372623333,600.0253369808197,9,600.3563258647919
r_25_70_30_70_6navi_4.txt,lns,base,611.7810009844276,606.2015326021717,0.009120041932125789,6.991131067276001,2,281.1592252254486
r_25_70_30_70_6navi_4.txt,ils,base,611.3256673612577,574.8758237630159,0.05962426501012939,15.006155967712402,9,235.25784611701965
r_25_70_30_70_6navi_5.txt,base,No VI,700.7745958202944,563.919591823276,0.1952910462412271,600.0183351039886,9,600.4329028129578
r_25_70_30_70_6navi_5.txt,base,VI1,718.1371389586391,562.6483628798572,0.21651682895032276,600.0193078517914,9,600.2981040477753
r_25_70_30_70_6navi_5.txt,base,VI2,700.7746453351707,563.3314561971362,0.19613036809043996,600.0098190307617,9,600.3776741027832
r_25_70_30_70_6navi_5.txt,base,VI3,707.1446746638851,559.0171547634054,0.20947272207188236,600.0173089504242,9,600.3266689777374
r_25_70_30_70_6navi_5.txt,base,VI4,714.2484534929868,561.853267004521,0.21336439126075363,600.0084478855133,9,600.3085930347443
r_25_70_30_70_6navi_5.txt,base,VI1+VI4,727.1478717633364,558.4099059563694,0.23205454125551772,600.0147211551666,9,600.3005990982056
r_25_70_30_70_6navi_5.txt,base,VI2+VI4,700.7745968268525,564.023015137441,0.1951434631172855,600.0138909816742,9,600.3143658638
r_25_70_30_70_6navi_5.txt,base,VI3+VI4,711.3176750322301,568.008837756762,0.20146952944614338,600.0216791629791,9,600.4526481628418
r_25_70_30_70_6navi_5.txt,base,All VI,725.3153802074457,571.8793679142217,0.21154385592835517,600.021154165268,9,600.3717579841614
r_25_70_30_70_6navi_5.txt,lns,base,700.7746114853543,696.7222751997382,0.0057826528233190485,0.7962720394134521,2,98.31892609596252
r_25_70_30_70_6navi_5.txt,ils,base,700.7746453351706,700.7746453351706,0.0,1.7314949035644531,2,456.12107515335083
r_25_70_30_70_6navi_6.txt,base,No VI,721.8064978063184,618.1402574951966,0.14362054182967254,600.0398018360138,9,600.4690496921539
r_25_70_30_70_6navi_6.txt,base,VI1,719.1025180533411,615.6869934984438,0.14381193495866215,600.0279381275177,9,600.3747730255127
r_25_70_30_70_6navi_6.txt,base,VI2,721.196335365181,626.323179435602,0.13154969219517665,600.0084528923035,9,600.5650770664215
r_25_70_30_70_6navi_6.txt,base,VI3,705.9259019608165,634.8913888847746,0.10062601879139543,600.0107860565186,9,600.3851687908173
r_25_70_30_70_6navi_6.txt,base,VI4,711.8751084419762,629.2807825097308,0.11602361840268999,600.0144720077515,9,600.3873910903931
r_25_70_30_70_6navi_6.txt,base,VI1+VI4,707.6332945827461,623.8248374744918,0.11843486979745872,600.0348460674286,9,600.4626660346985
r_25_70_30_70_6navi_6.txt,base,VI2+VI4,713.1422670024383,640.3624929822668,0.10205505603543578,600.0167949199677,9,600.4050188064575
r_25_70_30_70_6navi_6.txt,base,VI3+VI4,705.9259019608165,634.2869434905955,0.10148226360760094,600.0317158699036,9,600.4684150218964
r_25_70_30_70_6navi_6.txt,base,All VI,721.7884759482183,634.2532444908807,0.12127546279031685,600.0154769420624,9,600.3498578071594
r_25_70_30_70_6navi_6.txt,lns,base,708.4820471729447,704.5352949396502,0.005570715939865052,1.070004940032959,2,160.60405230522156
r_25_70_30_70_6navi_6.txt,ils,base,719.1025180533411,712.4587626796664,0.009238954400632333,2.6237120628356934,2,86.75261068344116
r_25_70_30_70_6navi_7.txt,base,No VI,689.459930237762,609.44799040634,0.11605016669181883,600.0122129917145,9,600.3661110401154
r_25_70_30_70_6navi_7.txt,base,VI1,712.0573206594592,607.5314346411822,0.14679420179469851,600.0102310180664,9,600.3891110420227
r_25_70_30_70_6navi_7.txt,base,VI2,679.6102827736802,608.8071158559338,0.10418201241567265,600.0111031532288,9,600.4209558963776
r_25_70_30_70_6navi_7.txt,base,VI3,679.6102827736803,615.298796838429,0.09462994831799497,600.0095200538635,9,600.408490896225
r_25_70_30_70_6navi_7.txt,base,VI4,706.658417350513,606.249887888688,0.14208920037815223,600.0147340297699,9,600.3549020290375
r_25_70_30_70_6navi_7.txt,base,VI1+VI4,683.6063328282623,602.1552129384329,0.11914915936024811,600.015496969223,9,600.2409191131592
r_25_70_30_70_6navi_7.txt,base,VI2+VI4,679.6102827736802,612.4980416373219,0.09875106783619346,600.0236990451813,9,600.3457400798798
r_25_70_30_70_6navi_7.txt,base,VI3+VI4,688.0587090644349,615.107526249493,0.10602464855671224,600.0158069133759,9,600.4057009220123
r_25_70_30_70_6navi_7.txt,base,All VI,704.3060863348355,612.5344065674925,0.13030084724230775,600.0199699401855,9,600.3452920913696
r_25_70_30_70_6navi_7.txt,lns,base,710.8724722904304,710.8724722904304,0.0,0.6593751907348633,2,30.696295022964478
r_25_70_30_70_6navi_7.txt,ils,base,698.6235746767657,692.106237627221,0.009328824972103187,13.445531845092773,2,66.99043297767639
r_25_70_30_70_6navi_8.txt,base,No VI,703.0126782913459,546.8669207493797,0.22210944747322967,600.010635137558,9,600.3927931785583
r_25_70_30_70_6navi_8.txt,base,VI1,690.2444991553461,543.2356593580829,0.21298082053121511,600.016489982605,9,600.4124290943146
r_25_70_30_70_6navi_8.txt,base,VI2,685.0818604415256,550.4821557428862,0.19647243996781896,600.0109729766846,9,600.3659279346466
r_25_70_30_70_6navi_8.txt,base,VI3,685.2134175283501,548.165005383728,0.20000836037182793,600.00621509552,9,600.4118387699127
r_25_70_30_70_6navi_8.txt,base,VI4,715.2532654311316,545.7219346314565,0.23702279876693333,600.0223770141602,9,600.4122710227966
r_25_70_30_70_6navi_8.txt,base,VI1+VI4,681.0414899542035,541.0707378773317,0.2055245592838758,600.0324680805206,9,600.4778847694397
r_25_70_30_70_6navi_8.txt,base,VI2+VI4,716.3506028228936,553.2469154238603,0.227686954902107,600.015967130661,9,600.3833148479462
r_25_70_30_70_6navi_8.txt,base,VI3+VI4,687.0016091200746,562.891307909531,0.18065503713958778,600.0248329639435,9,600.497321844101
r_25_70_30_70_6navi_8.txt,base,All VI,695.3670811872232,547.5929521887496,0.21251240243667271,600.0163061618805,9,600.3468940258026
r_25_70_30_70_6navi_8.txt,lns,base,685.2133816257242,680.0165542043545,0.0075842468356934045,0.7882249355316162,2,180.21373796463013
r_25_70_30_70_6navi_8.txt,ils,base,681.0414899542035,681.0414899542034,0.0,0.32401108741760254,2,167.75605702400208
r_25_70_30_70_6navi_9.txt,base,No VI,711.2620834774036,579.2507271047962,0.18560156577895434,600.0121309757233,9,600.4117691516876
r_25_70_30_70_6navi_9.txt,base,VI1,716.5923131284196,608.4627664516862,0.1508940923531169,600.0177459716797,9,600.3703849315643
r_25_70_30_70_6navi_9.txt,base,VI2,711.2620076553985,567.1241919882715,0.2026508011334141,600.0084509849548,9,600.3486940860748
r_25_70_30_70_6navi_9.txt,base,VI3,727.0415366153563,565.4166691420614,0.22230486063522262,600.0134301185608,9,600.2898988723755
r_25_70_30_70_6navi_9.txt,base,VI4,719.6018137735457,588.5266230864651,0.1821496113242555,600.0114939212799,9,600.329892873764
r_25_70_30_70_6navi_9.txt,base,VI1+VI4,720.3251110127577,606.0373289212263,0.15866138823183032,600.023421049118,9,600.336590051651
r_25_70_30_70_6navi_9.txt,base,VI2+VI4,713.7248309275436,575.0830405140238,0.19425103962453366,600.012011051178,9,600.3179609775543
r_25_70_30_70_6navi_9.txt,base,VI3+VI4,713.0122564928025,575.8816903659438,0.19232567866558548,600.0221040248871,9,600.3367099761963
r_25_70_30_70_6navi_9.txt,base,All VI,720.3251110127576,613.5707868471193,0.14820297464785676,600.0263020992279,9,600.288568019867
r_25_70_30_70_6navi_9.txt,lns,base,724.7753275356177,718.1553266319606,0.00913386625089247,2.556872844696045,2,36.52841114997864
r_25_70_30_70_6navi_9.txt,ils,base,716.5923131284195,710.4115944469996,0.00862515347734722,0.07673788070678711,2,73.01719880104065
r_25_70_30_70_6navi_10.txt,base,No VI,714.3798754193374,580.0655706165073,0.18801524150437224,600.0098750591278,9,600.378427028656
r_25_70_30_70_6navi_10.txt,base,VI1,713.3908210221033,587.9337347344214,0.1758602474138013,600.0165579319,9,600.343151807785
r_25_70_30_70_6navi_10.txt,base,VI2,710.7912411038119,578.5666917027448,0.18602444959188166,600.0093860626221,9,600.3819401264191
r_25_70_30_70_6navi_10.txt,base,VI3,720.6895713431579,579.32521534952,0.1961515215631266,600.018501996994,9,600.3880949020386
r_25_70_30_70_6navi_10.txt,base,VI4,725.5971768421775,584.6926445710341,0.19419112528023408,600.0242431163788,9,600.4035720825195
r_25_70_30_70_6navi_10.txt,base,VI1+VI4,710.0398946384897,588.6838218742365,0.17091444252726185,600.0126450061798,9,600.299309015274
r_25_70_30_70_6navi_10.txt,base,VI2+VI4,712.3674853046521,582.1672145685122,0.18277121488841985,600.0135450363159,9,600.3247680664062
r_25_70_30_70_6navi_10.txt,base,VI3+VI4,698.3235124531117,583.7144144792363,0.16412034813387538,600.0140058994293,9,600.3293809890747
r_25_70_30_70_6navi_10.txt,base,All VI,700.975720620609,591.8859191833292,0.15562564897497036,600.014760017395,9,600.3146629333496
r_25_70_30_70_6navi_10.txt,lns,base,694.62519716729,688.1066137422614,0.009384317545075637,12.27154803276062,2,145.46187114715576
r_25_70_30_70_6navi_10.txt,ils,base,700.7492841351558,652.439049462424,0.06894082629332238,15.006932020187378,9,909.5350940227509
r_50_70_30_70_1.txt,base,No VI,839.90340164958,505.42821032134805,0.39823054731213,600.529000043869,9,602.2368218898773
r_50_70_30_70_1.txt,base,VI1,910.6362502353268,509.5967097308806,0.44039487819731477,600.6510000228882,9,602.364244222641
r_50_70_30_70_1.txt,base,VI2,871.4741640130778,499.8242643800422,0.42646117920652254,601.0060000419617,9,602.9239220619202
r_50_70_30_70_1.txt,base,VI3,886.9808651189862,502.133609888169,0.433884506831149,600.6259999275208,9,602.1715838909149
r_50_70_30_70_1.txt,base,VI4,861.4291517457727,499.00117591133204,0.42072871007435025,600.7060000896454,9,602.2574381828308
r_50_70_30_70_1.txt,base,VI1+VI4,933.7504636937467,506.1828907372205,0.4579034651989856,600.5780000686646,9,602.1197390556335
r_50_70_30_70_1.txt,base,VI2+VI4,847.1384558073773,499.10602990809485,0.41083299136454055,600.8020000457764,9,602.5785796642303
r_50_70_30_70_1.txt,base,VI3+VI4,948.4800860874316,492.47296719076,0.4807766927166002,600.7779998779297,9,602.3849902153015
r_50_70_30_70_1.txt,base,All VI,990.342420543407,507.9165710739836,0.4871303495256856,600.2850000858307,9,601.8811779022217
r_50_70_30_70_1.txt,lns,base,820.7578190142071,790.592436358375,0.03675308593716845,15.003237009048462,9,309.615953207016
r_50_70_30_70_1.txt,ils,base,792.4033579421846,789.1705602434744,0.0040797375052846335,13.25900912284851,2,473.9726040363312
r_50_70_30_70_10.txt,base,No VI,862.5761657285203,579.6610193744034,0.32798859694340216,600.545000076294,9,602.3606007099152
r_50_70_30_70_10.txt,base,VI1,1013.2278552158441,599.9647247579738,0.4078679127606834,600.8830001354218,9,602.7515473365784
r_50_70_30_70_10.txt,base,VI2,923.6706268286978,587.2617265233699,0.3642087239044764,600.6659998893738,9,603.0721893310547
r_50_70_30_70_10.txt,base,VI3,860.8716528471141,555.3682419408395,0.35487683895258915,600.8719999790192,9,602.7321753501892
r_50_70_30_70_10.txt,base,VI4,929.7382422863948,559.5963708798022,0.39811406541302063,600.3589999675751,9,601.9297165870667
r_50_70_30_70_10.txt,base,VI1+VI4,976.7811377375942,592.2645980909234,0.39365680272786824,600.4630000591278,9,602.1625831127167
r_50_70_30_70_10.txt,base,VI2+VI4,875.0399227120621,556.490125778444,0.3640403010942839,600.5049998760223,9,602.0540292263031
r_50_70_30_70_10.txt,base,VI3+VI4,896.6247929415124,567.2335260867578,0.3673680110652941,600.7530000209808,9,602.3397405147552
r_50_70_30_70_10.txt,base,All VI,999.4607987586074,592.429511660928,0.40725087727626497,600.5119998455048,9,602.1009595394135
r_50_70_30_70_10.txt,lns,base,851.9965933445219,843.5467964007742,0.00991764170156828,1.4849920272827148,2,225.18305611610413
r_50_70_30_70_10.txt,ils,base,784.7670404935355,711.3036782758797,0.09361168146339977,15.0067880153656,9,324.31179690361023
r_50_70_30_70_2.txt,base,No VI,875.8900426529119,604.9474163830417,0.30933406372475036,600.9459998607635,9,602.730795621872
r_50_70_30_70_2.txt,base,VI1,1020.6136006111395,642.3416194221217,0.3706319227595145,600.885999917984,9,602.5357887744904
r_50_70_30_70_2.txt,base,VI2,943.1364704199126,612.296738338124,0.35078670209252844,601.0460000038147,9,602.8028810024261
r_50_70_30_70_2.txt,base,VI3,902.9584477875072,589.5595878355882,0.3470800463961892,600.4019999504089,9,602.5288624763489
r_50_70_30_70_2.txt,base,VI4,881.0201480970239,577.6746032664605,0.34431169989219923,600.6219999790192,9,602.492171049118
r_50_70_30_70_2.txt,base,VI1+VI4,1033.503045596222,626.2548202361197,0.3940464685570066,600.7060000896454,9,602.3459541797638
r_50_70_30_70_2.txt,base,VI2+VI4,965.5790679597682,589.5513911529689,0.38943229952294994,601.220999956131,9,603.1130921840668
r_50_70_30_70_2.txt,base,VI3+VI4,972.7019702891989,581.6002567017621,0.4020776409768723,601.0309998989105,9,602.7739889621735
r_50_70_30_70_2.txt,base,All VI,1100.7323498842056,621.6849160234922,0.43520791762966543,600.7339999675751,9,602.3645689487457
r_50_70_30_70_2.txt,lns,base,831.6287592111933,823.7525458427044,0.009470828517233444,10.028426170349121,2,139.4999339580536
r_50_70_30_70_2.txt,ils,base,838.5904981209308,831.9439678999945,0.00792583535805551,1.6911120414733887,2,277.7180187702179
r_50_70_30_70_3.txt,base,No VI,880.8173856361909,544.1665203158772,0.38220279346230185,600.829999923706,9,602.4149436950684
r_50_70_30_70_3.txt,base,VI1,944.7525621415907,551.1264450525247,0.4166446674638105,600.8040001392365,9,602.419261932373
r_50_70_30_70_3.txt,base,VI2,831.5440076310549,549.7851773290672,0.33883814652777866,600.5599999427795,9,602.299863576889
r_50_70_30_70_3.txt,base,VI3,794.34190688213,527.4881918891313,0.3359431407067843,600.7170000076294,9,602.6869416236877
r_50_70_30_70_3.txt,base,VI4,862.4051937499762,527.405591848494,0.3884480338584364,600.6729998588562,9,602.7044959068298
r_50_70_30_70_3.txt,base,VI1+VI4,928.0376402789926,546.5698807268808,0.411047723708095,600.7709999084473,9,602.3764026165009
r_50_70_30_70_3.txt,base,VI2+VI4,879.9679655157192,527.1000487995367,0.40100086655924877,600.816999912262,9,602.3823485374451
r_50_70_30_70_3.txt,base,VI3+VI4,943.2961567258756,525.383655667157,0.44303424547945564,600.779000043869,9,602.4082055091858
r_50_70_30_70_3.txt,base,All VI,958.0927108150688,533.0350458871146,0.44364982650410634,600.8650000095367,9,602.496185541153
r_50_70_30_70_3.txt,lns,base,812.4320682514315,812.4320682514315,0.0,0.8597590923309326,2,246.0351221561432
r_50_70_30_70_3.txt,ils,base,786.704537833814,783.1153575741099,0.00456229764428065,1.0686671733856201,2,377.73642921447754
r_50_70_30_70_4.txt,base,VI1,1040.3386725319217,527.1657664623342,0.49327485329431636,600.4350001811981,9,604.1442844867706
r_50_70_30_70_4.txt,base,VI2,899.2260035748425,515.4327270356414,0.42680402369753984,601.9689998626709,9,607.0415005683899
r_50_70_30_70_4.txt,base,VI3,826.8558855384265,530.0088781967258,0.35900694732117894,600.1290001869202,9,604.930951833725
r_50_70_30_70_4.txt,base,VI4,840.3274670708931,538.4646794224767,0.3592204223677365,600.2070000171661,9,602.7470946311951
r_50_70_30_70_4.txt,base,VI1+VI4,1017.1784916448574,539.3107738960732,0.4697973086080838,1413.2939999103546,9,1416.2857074737549
r_50_70_30_70_4.txt,base,VI2+VI4,846.4825538695225,536.8929114172714,0.36573658965211403,600.289999961853,9,602.5962290763855
r_50_70_30_70_4.txt,base,VI3+VI4,933.726741376979,514.4832106443774,0.4490002397428799,741.856999874115,9,744.8023138046265
r_50_70_30_70_4.txt,base,VI3+VI4,933.726741376979,514.4832106443774,0.4490002397428799,741.856999874115,9,744.8023138046265
r_50_70_30_70_4.txt,base,All VI,1048.9354172210776,545.5164793803116,0.47993320615912005,600.2519998550415,9,602.4175658226013
r_50_70_30_70_4.txt,lns,base,813.369036414148,805.9825668269133,0.00908132625726573,3.7520949840545654,2,234.79171586036682
r_50_70_30_70_4.txt,ils,base,817.270256284711,817.270256284711,0.0,0.22263884544372559,2,302.41714310646057
r_50_70_30_70_5.txt,base,No VI,796.2068404667313,522.7488195927032,0.3434509815486247,600.2189998626709,9,601.5965502262115
r_50_70_30_70_5.txt,base,VI1,1001.7274532789397,538.9516093133982,0.46197779890203083,600.3220000267029,9,604.0145242214203
r_50_70_30_70_5.txt,base,VI2,873.7092027094116,531.3383843635173,0.3918590044424242,600.1930000782013,9,602.2917153835297
r_50_70_30_70_5.txt,base,VI3,865.8604031826552,525.1991489445471,0.3934366937048221,600.2000000476837,9,602.575037240982
r_50_70_30_70_5.txt,base,VI4,769.1289184784855,523.3728992303053,0.31952513206023037,600.2720000743866,9,603.101044178009
r_50_70_30_70_5.txt,base,VI1+VI4,992.7946021786537,530.0169337088549,0.4661363664289159,600.4179999828339,9,602.3932061195374
r_50_70_30_70_5.txt,base,VI2+VI4,753.7896402781374,524.8700525455215,0.303691607711865,600.3700001239777,9,602.8168790340424
r_50_70_30_70_5.txt,base,VI3+VI4,893.5909026480784,521.42611209472,0.416482295702072,600.287999868393,9,602.2487895488739
r_50_70_30_70_5.txt,base,All VI,998.9087286312595,536.5824318248342,0.4628313714306224,600.5999999046326,9,603.0971884727478
r_50_70_30_70_5.txt,lns,base,730.1551286579199,723.1765346453515,0.00955768676910569,7.147442102432251,2,343.3795280456543
r_50_70_30_70_5.txt,ils,base,739.5068184805141,739.158720733243,0.00047071607532488564,0.28811120986938477,2,339.18565797805786
r_50_70_30_70_6.txt,base,No VI,777.7977606224025,536.4230731240875,0.3103309108336391,600.3490002155304,9,601.5254189968109
r_50_70_30_70_6.txt,base,VI1,862.8806089492765,558.7419964348585,0.3524689387617198,600.1740000247955,9,603.5281040668488
r_50_70_30_70_6.txt,base,VI2,889.1771404266617,537.7581980113663,0.3952181476985238,600.2860000133514,9,603.7641007900238
r_50_70_30_70_6.txt,base,VI3,824.0554658592421,535.7846853489673,0.3498196328443681,600.2239999771118,9,602.1407895088196
r_50_70_30_70_6.txt,base,VI4,830.5766705229082,551.9827842888045,0.3354222386943624,600.2669999599457,9,602.4103107452393
r_50_70_30_70_6.txt,base,VI1+VI4,911.3246932365255,563.5991993690526,0.3815604871108481,600.2910001277924,9,603.0520792007446
r_50_70_30_70_6.txt,base,VI2+VI4,801.7754102514725,531.4300500002214,0.33718340172899386,600.335000038147,9,602.2205772399902
r_50_70_30_70_6.txt,base,VI3+VI4,893.8701087361495,535.5827490979879,0.40082709572283065,600.2620000839233,9,602.9690761566162
r_50_70_30_70_6.txt,base,All VI,921.493533666848,561.0750336139554,0.39112428561348583,600.2170000076294,9,602.1805577278137
r_50_70_30_70_6.txt,lns,base,801.480282021784,786.2228768301837,0.019036532194045355,15.025365114212036,9,189.13726210594177
r_50_70_30_70_6.txt,ils,base,813.000637172713,813.000637172713,0.0,0.3939359188079834,2,364.97936177253723
r_50_70_30_70_7.txt,base,No VI,868.390877641607,583.343010439786,0.3282483436214341,600.3819999694824,9,603.0092492103577
r_50_70_30_70_7.txt,base,VI1,1014.1247025778266,583.772397670437,0.4243583691566405,600.210000038147,9,602.2027115821838
r_50_70_30_70_7.txt,base,VI2,836.3317006747011,560.5049139733396,0.32980549042783064,600.5130000114441,9,602.6863687038422
r_50_70_30_70_7.txt,base,VI3,907.4475483391935,555.6937976647978,0.3876298429789952,600.4159998893738,9,602.4417831897736
r_50_70_30_70_7.txt,base,VI4,810.7348663776392,568.6378783467837,0.29861425488278803,600.385999917984,9,603.2243807315826
r_50_70_30_70_7.txt,base,VI1+VI4,1016.4070193328504,567.2426711436003,0.4419138589618091,600.1370000839233,9,601.3995790481567
r_50_70_30_70_7.txt,base,VI2+VI4,779.2985979472049,567.5981301634589,0.27165513750621184,600.3230001926422,9,602.086489200592
r_50_70_30_70_7.txt,base,VI3+VI4,795.1723679383933,546.779092667159,0.31237664346314253,600.3830001354218,9,602.2985007762909
r_50_70_30_70_7.txt,base,All VI,989.6380608396165,570.4225227088176,0.4236049063989447,600.3250000476837,9,602.2219259738922
r_50_70_30_70_7.txt,lns,base,870.9469243199176,864.2660741634622,0.0076707890801406805,1.884660005569458,2,238.2774589061737
r_50_70_30_70_7.txt,ils,base,823.1169609346592,815.4759728303114,0.00928299192823261,0.28595399856567383,2,343.15251421928406
r_50_70_30_70_8.txt,base,No VI,928.9021213846336,561.185328260071,0.3958617217672398,600.2949998378754,9,604.5879254341125
r_50_70_30_70_8.txt,base,VI1,1024.2000527647162,610.5585943923222,0.4038678354446615,600.1850001811981,9,602.6686606407166
r_50_70_30_70_8.txt,base,VI2,930.6911504346976,559.0188833419375,0.3993508124786223,600.2619998455048,9,601.5713429450989
r_50_70_30_70_8.txt,base,VI3,860.3926235221156,571.9511698793503,0.33524398717180676,600.1400001049042,9,602.3829925060272
r_50_70_30_70_8.txt,base,VI4,846.121432929902,557.8125505537987,0.3407417318076478,600.3010001182556,9,601.6711642742157
r_50_70_30_70_8.txt,base,VI1+VI4,1066.2873209303336,612.197289774687,0.4258608559271379,600.3680000305176,9,603.3619976043701
r_50_70_30_70_8.txt,base,VI2+VI4,843.5565337747195,554.5005246251268,0.34266347017209886,600.3019998073578,9,602.663822889328
r_50_70_30_70_8.txt,base,VI3+VI4,874.3178916563484,571.1612108871739,0.3467350761801985,600.194000005722,9,602.5410816669464
r_50_70_30_70_8.txt,base,All VI,1076.3985784785389,590.9363567639514,0.4510060041149214,600.3099999427795,9,602.6849510669708
r_50_70_30_70_8.txt,lns,base,869.8946871828027,855.9181279774965,0.01606695547316193,15.009501218795776,9,210.43274188041687
r_50_70_30_70_8.txt,ils,base,891.8648272534532,885.4808497252036,0.007158010197475117,0.5914371013641357,2,199.63102388381958
r_50_70_30_70_9.txt,base,No VI,827.1018808820855,541.9632342033971,0.3447442851593984,600.25,9,603.8349795341492
r_50_70_30_70_9.txt,base,VI1,901.335883363417,559.1557120935673,0.3796366899240416,600.2000000476837,9,603.3251667022705
r_50_70_30_70_9.txt,base,VI2,795.0195716579188,548.15627409495,0.31051222682249785,600.2760000228882,9,602.6780505180359
r_50_70_30_70_9.txt,base,VI3,910.1642832070116,548.134458702447,0.3977631634026921,600.2330000400543,9,603.2010035514832
r_50_70_30_70_9.txt,base,VI4,879.8997737916918,556.1574178952567,0.36793094570459356,600.654000043869,9,602.8663029670715
r_50_70_30_70_9.txt,base,VI1+VI4,911.0742210338371,560.2522237206683,0.3850641245397935,600.3919999599457,9,602.376699924469
r_50_70_30_70_9.txt,base,VI2+VI4,807.480045131084,544.8789372362245,0.3252106469729907,600.2820000648499,9,603.0436840057373
r_50_70_30_70_9.txt,base,VI3+VI4,910.0986416733472,547.560732474738,0.39835012667641295,600.2669999599457,9,603.0371308326721
r_50_70_30_70_9.txt,base,All VI,942.3673018618692,557.8894965539846,0.4079914535959152,600.2799999713898,9,603.4416768550873
r_50_70_30_70_9.txt,lns,base,770.9251069464128,765.6296991719803,0.0068689003986487345,1.0057501792907715,2,320.59527587890625
r_50_70_30_70_9.txt,ils,base,726.7872532697113,709.4110319722665,0.0239082636896446,15.012609004974365,9,396.0803949832916